Workbook

Sheet SKU-SHERINK
A1: PRODUTO | B1: DESCRIÇÃO | D1: PRODUTO | E1: DESCRIÇÃO | G1: MELI_01
A2: 32136 | B2: Óleo SOS Cachos Óleo de Coco 42ml | D2: 32060 | E2: CREME PARA PENTEAR CONDICIONADOR DEFINIÇÃO NATURAL 1KG | G2: 32060
A3: 32137 | B3: Óleo de Tratamento SOS Cachos Super Óleos 42ml | D3: 33271 | E3: CREME PARA PENTEAR CACHOS OSTENTAÇÃO 1KG | G3: 95679
A4: 32202 | B4: Óleo de Tratamento SOS Cachos Super Óleos 100ml | D4: 95679 | E4: #TODECACHO GELATINA CONDICIONANTE SUPER DEFINICAO 1KG | G4: 33107
A5: 32249 | B5: Óleo SOS Cachos 10 em 1 Multibenefícios 100ml | D5: 34988 | E5: SOS HIDRATACAO MASCARA CONDICIONANTE OLEO DE RICINO 1KG | G5: 33271
A6: 32259 | B6: Óleo de Tratamento SOS Cachos 10 em 1 Multibenefícios 42ml | D6: 33107 | E6: #TODECACHO GELATINA DEFINIÇÃO NATURAL 550G | G6: 32247
A7: 32443 | B7: Óleo de Tratamento Multifuncional Meu Liso Demais 60ml | D7: 33272 | E7: CREME PARA PENTEAR XO POROSIDADE! DEFINIÇÃO & SELAGEM MÁXIMA 1KG | G7: 34936
A8: 32444 | B8: Óleo de Tratamento Multifuncional Meu Liso Muito + Liso 60ml | D8: 34936 | E8: SOS HIDRATACAO MASCARA CONDICIONANTE AZEITE DE OLIVA 1KG | G8: 95701
A9: 32624 | B9: Óleo Reparador Melancia Cachos dos Sonhos Multy Poderosos 50ml | D9: 32209 | E9: SOS CACHOS GELATINA CONDICIONANTE KIDS HIDRATAÇÃO 400GR | G9: 30851
A10: 32625 | B10: Óleo de Tratamento Banana Cachos dos Sonhos Multy Maravilhas 50ml | D10: 34932 | E10: SOS HIDRATACAO MASCARA CONDICIONANTE QUERATINA E COLAGENO 1KG | G10: 32200
A11: 32626 | B11: Óleo Reparador Morango Cachos dos Sonhos Multy Extraordinário 50ml | D11: 95109 | E11: MASCARA CONDICIONANTE KIDS HIDRATAÇÃO CACHOS SOS 500GR | G11: 34682
A12: 32632 | B12: Óleo Trata e Finaliza SOS Cachos De Repente Pronta 42ml | D12: 32247 | E12: CREME PARA PENTEAR CONDICIONADOR DEFINIÇÃO EXTRAORDINÁRIA 1KG | G12: 95004
A13: 32892 | B13: Óleo Reparador Uva Cachos dos Sonhos Multy Irresistível 50ml | D13: 95076 | E13: SL CREME PENTEAR CONDICIONADOR DEFINICAO INTENSA 1KG | G13: 32199
... A21: 33644 | B21: SALON LINE ÓLEO DEFINIÇÃO NATURAL CONDICIONANTE 50ML | D21: 34530 | E21: SOS CACHOS ATIVADOR CONDICIONADOR DE CACHOS ARGININA 500G | G21: 31716
D22: 30745 | E22: SL CREME PENTEAR CONDICIONADOR AZEITE DE OLIVA 1KG | G22: 32446
D23: 95556 | E23: SL CREME PENTEAR CONDICIONADOR SUPER OLEOS 1KG | G23: 33583
D24: 32619 | E24: CACHOS DOS SONHOS CREME DE TRATAMENTO MULTY MILAGRES ANTIPOROSIDADE 1KG
D25: 32884 | E25: #TODECACHINHO KIDS GELATINA DEFINIDORA CONDICIONANTE (AÇAÍ) 550G
D26: 30851 | E26: #TODECACHO MASCARA CONDICIONANTE MATIZ MARSALA ROXO MAIONESE 500GR
D27: 95355 | E27: #TODECACHO MASCARA CONDICIONANTE MATIZ VERMELHA MAIONESE 500GR
D28: 33584 | E28: CREME PARA PENTEAR CONDICIONANTE DEFINIÇÃO A PROVA 1KG
D29: 32200 | E29: SOS CACHOS CREME PARA PENTEAR GEL CREME CONDICIONADOR SUPER ÓLEOS 1KG
D30: 33583 | E30: CREME PARA PENTEAR CONDICIONANTE DEFINIÇÃO CACHOS DE SEREIA 1 KG
D31: 33631 | E31: CREME PARA PENTEAR CONDICIONANTE DEFINIÇÃO COLA 1KG
D32: 95119 | E32: #TODECACHO GELATINA CONDICIONANTE SUPER DEFINICAO 550GR
D33: 32199 | E33: SOS CACHOS GELATINA CONDICIONANTE NUTRITIVA ATIVADORA DE CACHOS SUPER ÓLEOS 400GR
D34: 34437 | E34: Ativador de Cachos SOS Cachos Óleo de Manga Salon Line 500g
D35: 32616 | E35: CREME PARA PENTEAR DEFINIÇÃO NUTRITIVA CONDICIONADOR 1KG
... D97: 33321 | E97: CACHOS DOS SONHOS - CREME CONDICIONADOR DE TRATAMENTO MULTY PINK LEMONADE 1KG

Sheet KIT MELI
A1: SKU
A2: 95269 | C2: 33147 | D2: 32060 | E2: Creme Para Pentear Definicao Natural Salon Line Cachos 1kg
A3: 34794 | D3: 33095 | E3: CACHOS DOS SONHOS ÓLEO SÉRUM DEFINIÇÃO NATURAL MULTY 200ML
A4: 34665 | D4: 33107 | E4: Gelatina #Todecacho Definicao Natural 550g Salon Line
A5: 34793
A6: 34847 | C6: 32980 | D6: 95701 | E6: Creme Para Pentear Definicao Maxima 1kg - Salon Line
A7: 32137 | D7: 32060 | E7: Creme Para Pentear Definicao Natural Salon Line Cachos 1kg
A8: 95701 | D8: 32920 | E8: Creme Pentear Oleo Extraordinario Uva + Melancia Salon Line
A9: 32920
A10: 33095 | C10: 32180 | D10: 34847 | E10: Cremascara 2 Em 1 S.O.S Cachos Super Oleos 1kg Salon Line
A11: 33107 | D11: 34794 | E11: Condicionador Cachos Super Óleos | Salon Line SOS Cachos
A12: 32060 | D12: 95269 | E12: Creme para Pentear Salon Line SOS Cachos Super Óleos 300ml
D13: 34665 | E13: Ativador de Cachos Salon Line Super Óleos 500ml | S.O.S Cachos
D14: 34793 | E14: Shampoo Nutritivo SOS Cachos Super Óleos 300ml | Salon Line
D15: 32137 | E15: Oleo De Tratamento Super Oleos S.O.S Cachos 42ml Salon Line

Sheet BASE
A1: SKU | B1: Curva | C1: Situação | D1: Paletização | E1: UN/CX
A2: 32035 | B2: A | C2: ATIVO | D2: 1452 | E2: 6
A3: 33401 | B3: A | C3: ATIVO | D3: 1260 | E3: 6
A4: 33318 | B4: A | C4: ATIVO | D4: 750 | E4: 6
A5: 32248 | B5: A | C5: ATIVO | D5: 480 | E5: 6
A6: 95116 | B6: A | C6: ATIVO | D6: 1560 | E6: 12
A7: 30745 | B7: A | C7: ATIVO | D7: 480 | E7: 6
A8: 33252 | B8: A | C8: ATIVO | D8: 672 | E8: 6
A9: 32616 | B9: A | C9: ATIVO | D9: 480 | E9: 6
A10: 34682 | B10: A | C10: ATIVO | D10: 390 | E10: 6
A11: 43317 | B11: A | C11: ATIVO | D11: 1080 | E11: 12
A12: 33342 | B12: A | C12: ATIVO | D12: 462 | E12: 6
A13: 33266 | B13: A | C13: ATIVO | D13: 672 | E13: 6
... A360: 32893 | B360: C | C360: INATIVO | D360: 8352 | E360: 12
A361: 33131 | B361: C | C361: #N/A | D361: 0 | E361: 0
A362: 33268 | B362: C | C362: ATIVO | D362: 6048 | E362: 12
A363: 34171 | B363: C | C363: INATIVO | D363: 1080 | E363: 12
A364: 34172 | B364: C | C364: INATIVO | D364: 1080 | E364: 12
A365: 34175 | B365: C | C365: INATIVO | D365: 1200 | E365: 12
A366: 34305 | B366: C | C366: INATIVO | D366: 960 | E366: 6
A367: 34306 | B367: C | C367: INATIVO | D367: 960 | E367: 6
A368: 34310 | B368: C | C368: INATIVO | D368: 960 | E368: 6
A369: 34311 | B369: C | C369: INATIVO | D369: 960 | E369: 6
A370: 34484 | B370: C | C370: INATIVO | D370: 1224 | E370: 6
A371: 34489 | B371: C | C371: INATIVO | D371: 1224 | E371: 6
A372: 34566 | B372: C | C372: INATIVO | D372: 1560 | E372: 12
A373: 34698 | B373: C | C373: INATIVO | D373: 0 | E373: 0
... A524: 32789 | B524: C | C524: INATIVO | D524: 960 | E524: 6

Sheet PENDENTE
A1: AGUARDANDO SEPARAÇÃO | B1: (Tudo)
A2: TOTAL FINAL | B2: (Tudo)
A3: SHERINK ENVIADO | B3: (Tudo)
A4: SHERINK? | B4: NÃO | J4: LISTA | K4: (Tudo)
A6: OPERAÇÃO | B6: LISTA | C6: SKU | D6: TOTAL LISTA | E6: SHERINK ENVIADO | F6: AGUARDANDO SEPARAÇÃO | G6: TOTAL PENDENTE | H6: FINALIZADO | J6: OPERAÇÕES | K6: Soma de KIT | L6: TOTAL LISTA (LISTA) | M6: PENDENTE (LISTA)
A7: MERCADO LIVRE | B7: MELI_01 | C7: 30514 | D7: 996 | E7: 0 | F7: 0 | G7: 0 | H7: 996 | J7: MERCADO LIVRE | K7: 7245 | L7: 33504 | M7: -24858
A8: MERCADO LIVRE | B8: MELI_01 | C8: 30681 | D8: 2826 | E8: 0 | F8: 0 | G8: -1584 | H8: 1242 | J8: SHOPEE | K8: 0 | L8: 871248 | M8: -75987
A9: MERCADO LIVRE | B9: MELI_01 | C9: 31185 | D9: 186 | E9: 0 | F9: 0 | G9: 0 | H9: 186 | J9: Total Geral | K9: 7245 | L9: 904752 | M9: -100845
A10: MERCADO LIVRE | B10: MELI_01 | C10: 31690 | D10: 312 | E10: 0 | F10: 0 | G10: 0 | H10: 312
A11: MERCADO LIVRE | B11: MELI_01 | C11: 32022 | D11: 450 | E11: 0 | F11: 0 | G11: 0 | H11: 450
A12: MERCADO LIVRE | B12: MELI_01 | C12: 32035 | D12: 972 | E12: 0 | F12: 0 | G12: 0 | H12: 972
A13: MERCADO LIVRE | B13: MELI_01 | C13: 32137 | D13: 1272 | E13: 0 | F13: 0 | G13: 0 | H13: 1335
A14: MERCADO LIVRE | B14: MELI_01 | C14: 32259 | D14: 24 | E14: 0 | F14: 0 | G14: 0 | H14: 24
A15: MERCADO LIVRE | B15: MELI_01 | C15: 32920 | D15: 432 | E15: 0 | F15: 0 | G15: -432 | H15: 329
A16: MERCADO LIVRE | B16: MELI_01 | C16: 33095 | D16: 558 | E16: 0 | F16: 558 | G16: -1960 | H16: 0
A17: MERCADO LIVRE | B17: MELI_01 | C17: 33296 | D17: 240 | E17: 0 | F17: 240 | G17: 0 | H17: 0
A18: MERCADO LIVRE | B18: MELI_01 | C18: 33316 | D18: 102 | E18: 0 | F18: 0 | G18: 0 | H18: 102
A19: MERCADO LIVRE | B19: MELI_01 | C19: 33452 | D19: 504 | E19: 0 | F19: 0 | G19: 0 | H19: 504
A20: MERCADO LIVRE | B20: MELI_01 | C20: 34451 | D20: 1380 | E20: 0 | F20: 720 | G20: 0 | H20: 660
A21: MERCADO LIVRE | B21: MELI_01 | C21: 34665 | D21: 0 | E21: 0 | F21: 0 | G21: 0 | H21: 63
... A476: SHOPEE | B476: LIST_09 | C476: 32636 | D476: 24 | E476: 0 | F476: 24 | G476: 0 | H476: 0
A477: Total Geral | D477: 318813 | E477: 0 | F477: 97311 | G477: -15283 | H477: 208823

Sheet PLANEJAMENTO
I1: =SUBTOTAL(9,PLANEJAMENTO[AGUARDANDO SEPARAÇÃO]) -> 173277 | J1: =SUBTOTAL(9,PLANEJAMENTO[DEVOLUÇÃO MERCO]) -> 0 | L1: =SUBTOTAL(9,PLANEJAMENTO[SHERINK ENVIADO]) -> 27354 | M1: =SUBTOTAL(9,PLANEJAMENTO[FINALIZADO]) -> 765192 | N1: =SUBTOTAL(9,PLANEJAMENTO[KIT]) -> 7245 | O1: =SUBTOTAL(9,PLANEJAMENTO[TOTAL LISTA]) -> 1388046 | P1: =M1/O1 -> 0.5512728 | T1: =SUBTOTAL(9,PLANEJAMENTO[PALETE]) -> 0 | U1: =SUBTOTAL(9,PLANEJAMENTO[UNIDADE]) -> 0 | V1: =SUBTOTAL(9,PLANEJAMENTO[VOLUMES]) -> 0
A2: LISTA | B2: OPERAÇÃO | C2: SKU | D2: Descrição | E2: Curva | F2: Situação | G2: PALETIZAÇÃO | H2: CX/UN. | I2: AGUARDANDO SEPARAÇÃO | J2: DEVOLUÇÃO MERCO | K2: SHERINK SOLICITADO | L2: SHERINK ENVIADO | M2: FINALIZADO | N2: KIT | O2: TOTAL LISTA | P2: TOTAL FINAL | Q2: SALDO MERCO | R2: SALDO LMX | S2: SALDO DEVINTEX | T2: PALETE | U2: UNIDADE | V2: VOLUMES | W2: SHERINK? | X2: KIT? | Y2: ATENDIMENTO%
A3: LIST_06 | B3: SHOPEE | C3: 32060 | D3: CREME PARA PENTEAR CONDICIONADOR DEFINIÇÃO NATURAL 1KG | E3: A | F3: ATIVO | G3: 480 | H3: 6 | I3: =SUMIFS(IN_TRANSITO!E:E,IN_TRANSITO!B:B,PLANEJAMENTO!C3,IN_TRANSITO!H:H,PLANEJAMENTO!$I$2,IN_TRANSITO!W:W,PLANEJAMENTO!A3) -> 0 | J3: =SUMIFS(IN_TRANSITO!E:E,IN_TRANSITO!B:B,PLANEJAMENTO!C3,IN_TRANSITO!H:H,PLANEJAMENTO!$J$2,IN_TRANSITO!W:W,PLANEJAMENTO!A3) -> 0 | K3: =SUMIFS(PRODUCAO_SHRINK!E:E,PRODUCAO_SHRINK!B:B,PLANEJAMENTO[[#This Row],[SKU]],PRODUCAO_SHRINK!H:H,PLANEJAMENTO[[#Headers],[SHERINK SOLICITADO]],PRODUCAO_SHRINK!V:V,PLANEJAMENTO[[#This Row],[LISTA]]) -> 0 | L3: =SUMIFS(PRODUCAO_SHRINK!E:E,PRODUCAO_SHRINK!B:B,PLANEJAMENTO[[#This Row],[SKU]],PRODUCAO_SHRINK!H:H,PLANEJAMENTO[[#Headers],[SHERINK ENVIADO]],PRODUCAO_SHRINK!V:V,PLANEJAMENTO[[#This Row],[LISTA]]) -> 0 | M3: =SUMIFS(IN_TRANSITO!E:E,IN_TRANSITO!B:B,PLANEJAMENTO!C3,IN_TRANSITO!H:H,PLANEJAMENTO!$M$2,IN_TRANSITO!W:W,PLANEJAMENTO!A3) -> 17022 | N3: 0 | O3: 17022 | P3: =(PLANEJAMENTO[[#This Row],[AGUARDANDO SEPARAÇÃO]]+PLANEJAMENTO[[#This Row],[FINALIZADO]])-(PLANEJAMENTO[[#This Row],[TOTAL LISTA]]+PLANEJAMENTO[[#This Row],[KIT]]) -> 0 | Q3: =IFERROR(VLOOKUP(PLANEJAMENTO[[#This Row],[SKU]],EST_MERCOCAMP!A:E,5,0),0) -> 19698 | R3: =IFERROR(VLOOKUP(PLANEJAMENTO[[#This Row],[SKU]],EST_LMX!A:C,3,0),0) -> 11174 | S3: =IFERROR(IF(VLOOKUP(C3,'EST_DEVINTEX X DEMANDA'!A:E,5,0)<0,0,VLOOKUP(C3,'EST_DEVINTEX X DEMANDA'!A:E,5,0)),0) -> 58446 | U3: =T3*G3 -> 0 | V3: =U3/H3 -> 0 | W3: NÃO | X3: NÃO | Y3: =(PLANEJAMENTO[[#This Row],[AGUARDANDO SEPARAÇÃO]]+PLANEJAMENTO[[#This Row],[FINALIZADO]])/(PLANEJAMENTO[[#This Row],[KIT]]+PLANEJAMENTO[[#This Row],[TOTAL LISTA]]) -> 1
A4: LIST_06 | B4: SHOPEE | C4: 95505 | D4: #TODECACHINHO CREME CONDICIONADOR MULTIFUNCIONAL BABY 300ML | E4: B | F4: ATIVO | G4: 1260 | H4: 6 | I4: =SUMIFS(IN_TRANSITO!E:E,IN_TRANSITO!B:B,PLANEJAMENTO!C4,IN_TRANSITO!H:H,PLANEJAMENTO!$I$2,IN_TRANSITO!W:W,PLANEJAMENTO!A4) -> 0 | J4: =SUMIFS(IN_TRANSITO!E:E,IN_TRANSITO!B:B,PLANEJAMENTO!C4,IN_TRANSITO!H:H,PLANEJAMENTO!$J$2,IN_TRANSITO!W:W,PLANEJAMENTO!A4) -> 0 | K4: =SUMIFS(PRODUCAO_SHRINK!E:E,PRODUCAO_SHRINK!B:B,PLANEJAMENTO[[#This Row],[SKU]],PRODUCAO_SHRINK!H:H,PLANEJAMENTO[[#Headers],[SHERINK SOLICITADO]],PRODUCAO_SHRINK!V:V,PLANEJAMENTO[[#This Row],[LISTA]]) -> 0 | L4: =SUMIFS(PRODUCAO_SHRINK!E:E,PRODUCAO_SHRINK!B:B,PLANEJAMENTO[[#This Row],[SKU]],PRODUCAO_SHRINK!H:H,PLANEJAMENTO[[#Headers],[SHERINK ENVIADO]],PRODUCAO_SHRINK!V:V,PLANEJAMENTO[[#This Row],[LISTA]]) -> 0 | M4: =SUMIFS(IN_TRANSITO!E:E,IN_TRANSITO!B:B,PLANEJAMENTO!C4,IN_TRANSITO!H:H,PLANEJAMENTO!$M$2,IN_TRANSITO!W:W,PLANEJAMENTO!A4) -> 7578 | N4: 0 | O4: 7578 | P4: =(PLANEJAMENTO[[#This Row],[AGUARDANDO SEPARAÇÃO]]+PLANEJAMENTO[[#This Row],[FINALIZADO]])-(PLANEJAMENTO[[#This Row],[TOTAL LISTA]]+PLANEJAMENTO[[#This Row],[KIT]]) -> 0 | Q4: =IFERROR(VLOOKUP(PLANEJAMENTO[[#This Row],[SKU]],EST_MERCOCAMP!A:E,5,0),0) -> -1914 | R4: =IFERROR(VLOOKUP(PLANEJAMENTO[[#This Row],[SKU]],EST_LMX!A:C,3,0),0) -> 126 | S4: =IFERROR(IF(VLOOKUP(C4,'EST_DEVINTEX X DEMANDA'!A:E,5,0)<0,0,VLOOKUP(C4,'EST_DEVINTEX X DEMANDA'!A:E,5,0)),0) -> 12854 | U4: =T4*G4 -> 0 | V4: =U4/H4 -> 0 | W4: NÃO | X4: NÃO | Y4: =(PLANEJAMENTO[[#This Row],[AGUARDANDO SEPARAÇÃO]]+PLANEJAMENTO[[#This Row],[FINALIZADO]])/(PLANEJAMENTO[[#This Row],[KIT]]+PLANEJAMENTO[[#This Row],[TOTAL LISTA]]) -> 1
A5: LIST_06 | B5: SHOPEE | C5: 32259 | D5: S.O.S ÓLEO CONDICIONADOR 10 EM 1 MULTIBENEFICIOS + PODEROSOS 42ML | E5: A | F5: ATIVO | G5: 8544 | H5: 12 | I5: =SUMIFS(IN_TRANSITO!E:E,IN_TRANSITO!B:B,PLANEJAMENTO!C5,IN_TRANSITO!H:H,PLANEJAMENTO!$I$2,IN_TRANSITO!W:W,PLANEJAMENTO!A5) -> 0 | J5: =SUMIFS(IN_TRANSITO!E:E,IN_TRANSITO!B:B,PLANEJAMENTO!C5,IN_TRANSITO!H:H,PLANEJAMENTO!$J$2,IN_TRANSITO!W:W,PLANEJAMENTO!A5) -> 0 | K5: =SUMIFS(PRODUCAO_SHRINK!E:E,PRODUCAO_SHRINK!B:B,PLANEJAMENTO[[#This Row],[SKU]],PRODUCAO_SHRINK!H:H,PLANEJAMENTO[[#Headers],[SHERINK SOLICITADO]],PRODUCAO_SHRINK!V:V,PLANEJAMENTO[[#This Row],[LISTA]]) -> 0 | L5: =SUMIFS(PRODUCAO_SHRINK!E:E,PRODUCAO_SHRINK!B:B,PLANEJAMENTO[[#This Row],[SKU]],PRODUCAO_SHRINK!H:H,PLANEJAMENTO[[#Headers],[SHERINK ENVIADO]],PRODUCAO_SHRINK!V:V,PLANEJAMENTO[[#This Row],[LISTA]]) -> 0 | M5: =SUMIFS(IN_TRANSITO!E:E,IN_TRANSITO!B:B,PLANEJAMENTO!C5,IN_TRANSITO!H:H,PLANEJAMENTO!$M$2,IN_TRANSITO!W:W,PLANEJAMENTO!A5) -> 4488 | N5: 0 | O5: 4488 | P5: =(PLANEJAMENTO[[#This Row],[AGUARDANDO SEPARAÇÃO]]+PLANEJAMENTO[[#This Row],[FINALIZADO]])-(PLANEJAMENTO[[#This Row],[TOTAL LISTA]]+PLANEJAMENTO[[#This Row],[KIT]]) -> 0 | Q5: =IFERROR(VLOOKUP(PLANEJAMENTO[[#This Row],[SKU]],EST_MERCOCAMP!A:E,5,0),0) -> 21780 | R5: =IFERROR(VLOOKUP(PLANEJAMENTO[[#This Row],[SKU]],EST_LMX!A:C,3,0),0) -> 978 | S5: =IFERROR(IF(VLOOKUP(C5,'EST_DEVINTEX X DEMANDA'!A:E,5,0)<0,0,VLOOKUP(C5,'EST_DEVINTEX X DEMANDA'!A:E,5,0)),0) -> 24348 | U5: =T5*G5 -> 0 | V5: =U5/H5 -> 0 | W5: SIM | X5: NÃO | Y5: =(PLANEJAMENTO[[#This Row],[AGUARDANDO SEPARAÇÃO]]+PLANEJAMENTO[[#This Row],[FINALIZADO]])/(PLANEJAMENTO[[#This Row],[KIT]]+PLANEJAMENTO[[#This Row],[TOTAL LISTA]]) -> 1
A6: LIST_06 | B6: SHOPEE | C6: 32137 | D6: OLEO SOS CACHOS SUPER OLEOS CONDICIONADOR 42ML | E6: A | F6: ATIVO | G6: 8544 | H6: 12 | I6: =SUMIFS(IN_TRANSITO!E:E,IN_TRANSITO!B:B,PLANEJAMENTO!C6,IN_TRANSITO!H:H,PLANEJAMENTO!$I$2,IN_TRANSITO!W:W,PLANEJAMENTO!A6) -> 0 | J6: =SUMIFS(IN_TRANSITO!E:E,IN_TRANSITO!B:B,PLANEJAMENTO!C6,IN_TRANSITO!H:H,PLANEJAMENTO!$J$2,IN_TRANSITO!W:W,PLANEJAMENTO!A6) -> 0 | K6: =SUMIFS(PRODUCAO_SHRINK!E:E,PRODUCAO_SHRINK!B:B,PLANEJAMENTO[[#This Row],[SKU]],PRODUCAO_SHRINK!H:H,PLANEJAMENTO[[#Headers],[SHERINK SOLICITADO]],PRODUCAO_SHRINK!V:V,PLANEJAMENTO[[#This Row],[LISTA]]) -> 0 | L6: =SUMIFS(PRODUCAO_SHRINK!E:E,PRODUCAO_SHRINK!B:B,PLANEJAMENTO[[#This Row],[SKU]],PRODUCAO_SHRINK!H:H,PLANEJAMENTO[[#Headers],[SHERINK ENVIADO]],PRODUCAO_SHRINK!V:V,PLANEJAMENTO[[#This Row],[LISTA]]) -> 0 | M6: =SUMIFS(IN_TRANSITO!E:E,IN_TRANSITO!B:B,PLANEJAMENTO!C6,IN_TRANSITO!H:H,PLANEJAMENTO!$M$2,IN_TRANSITO!W:W,PLANEJAMENTO!A6) -> 8712 | N6: 0 | O6: 8712 | P6: =(PLANEJAMENTO[[#This Row],[AGUARDANDO SEPARAÇÃO]]+PLANEJAMENTO[[#This Row],[FINALIZADO]])-(PLANEJAMENTO[[#This Row],[TOTAL LISTA]]+PLANEJAMENTO[[#This Row],[KIT]]) -> 0 | Q6: =IFERROR(VLOOKUP(PLANEJAMENTO[[#This Row],[SKU]],EST_MERCOCAMP!A:E,5,0),0) -> 11244 | R6: =IFERROR(VLOOKUP(PLANEJAMENTO[[#This Row],[SKU]],EST_LMX!A:C,3,0),0) -> 11646 | S6: =IFERROR(IF(VLOOKUP(C6,'EST_DEVINTEX X DEMANDA'!A:E,5,0)<0,0,VLOOKUP(C6,'EST_DEVINTEX X DEMANDA'!A:E,5,0)),0) -> 29904 | U6: =T6*G6 -> 0 | V6: =U6/H6 -> 0 | W6: SIM | X6: NÃO | Y6: =(PLANEJAMENTO[[#This Row],[AGUARDANDO SEPARAÇÃO]]+PLANEJAMENTO[[#This Row],[FINALIZADO]])/(PLANEJAMENTO[[#This Row],[KIT]]+PLANEJAMENTO[[#This Row],[TOTAL LISTA]]) -> 1
A7: LIST_06 | B7: SHOPEE | C7: 33271 | D7: CREME PARA PENTEAR CACHOS OSTENTAÇÃO 1KG | E7: A | F7: ATIVO | G7: 480 | H7: 6 | I7: =SUMIFS(IN_TRANSITO!E:E,IN_TRANSITO!B:B,PLANEJAMENTO!C7,IN_TRANSITO!H:H,PLANEJAMENTO!$I$2,IN_TRANSITO!W:W,PLANEJAMENTO!A7) -> 0 | J7: =SUMIFS(IN_TRANSITO!E:E,IN_TRANSITO!B:B,PLANEJAMENTO!C7,IN_TRANSITO!H:H,PLANEJAMENTO!$J$2,IN_TRANSITO!W:W,PLANEJAMENTO!A7) -> 0 | K7: =SUMIFS(PRODUCAO_SHRINK!E:E,PRODUCAO_SHRINK!B:B,PLANEJAMENTO[[#This Row],[SKU]],PRODUCAO_SHRINK!H:H,PLANEJAMENTO[[#Headers],[SHERINK SOLICITADO]],PRODUCAO_SHRINK!V:V,PLANEJAMENTO[[#This Row],[LISTA]]) -> 0 | L7: =SUMIFS(PRODUCAO_SHRINK!E:E,PRODUCAO_SHRINK!B:B,PLANEJAMENTO[[#This Row],[SKU]],PRODUCAO_SHRINK!H:H,PLANEJAMENTO[[#Headers],[SHERINK ENVIADO]],PRODUCAO_SHRINK!V:V,PLANEJAMENTO[[#This Row],[LISTA]]) -> 0 | M7: =SUMIFS(IN_TRANSITO!E:E,IN_TRANSITO!B:B,PLANEJAMENTO!C7,IN_TRANSITO!H:H,PLANEJAMENTO!$M$2,IN_TRANSITO!W:W,PLANEJAMENTO!A7) -> 5196 | N7: 0 | O7: 5196 | P7: =(PLANEJAMENTO[[#This Row],[AGUARDANDO SEPARAÇÃO]]+PLANEJAMENTO[[#This Row],[FINALIZADO]])-(PLANEJAMENTO[[#This Row],[TOTAL LISTA]]+PLANEJAMENTO[[#This Row],[KIT]]) -> 0 | Q7: =IFERROR(VLOOKUP(PLANEJAMENTO[[#This Row],[SKU]],EST_MERCOCAMP!A:E,5,0),0) -> 16488 | R7: =IFERROR(VLOOKUP(PLANEJAMENTO[[#This Row],[SKU]],EST_LMX!A:C,3,0),0) -> 8148 | S7: =IFERROR(IF(VLOOKUP(C7,'EST_DEVINTEX X DEMANDA'!A:E,5,0)<0,0,VLOOKUP(C7,'EST_DEVINTEX X DEMANDA'!A:E,5,0)),0) -> 8244 | U7: =T7*G7 -> 0 | V7: =U7/H7 -> 0 | W7: NÃO | X7: NÃO | Y7: =(PLANEJAMENTO[[#This Row],[AGUARDANDO SEPARAÇÃO]]+PLANEJAMENTO[[#This Row],[FINALIZADO]])/(PLANEJAMENTO[[#This Row],[KIT]]+PLANEJAMENTO[[#This Row],[TOTAL LISTA]]) -> 1
A8: LIST_06 | B8: SHOPEE | C8: 95127 | D8: BOMBA TONICO CONDICIONANTE FORT CRESCIMENTO 100ML | E8: B | F8: ATIVO | G8: 3384 | H8: 12 | I8: =SUMIFS(IN_TRANSITO!E:E,IN_TRANSITO!B:B,PLANEJAMENTO!C8,IN_TRANSITO!H:H,PLANEJAMENTO!$I$2,IN_TRANSITO!W:W,PLANEJAMENTO!A8) -> 0 | J8: =SUMIFS(IN_TRANSITO!E:E,IN_TRANSITO!B:B,PLANEJAMENTO!C8,IN_TRANSITO!H:H,PLANEJAMENTO!$J$2,IN_TRANSITO!W:W,PLANEJAMENTO!A8) -> 0 | K8: =SUMIFS(PRODUCAO_SHRINK!E:E,PRODUCAO_SHRINK!B:B,PLANEJAMENTO[[#This Row],[SKU]],PRODUCAO_SHRINK!H:H,PLANEJAMENTO[[#Headers],[SHERINK SOLICITADO]],PRODUCAO_SHRINK!V:V,PLANEJAMENTO[[#This Row],[LISTA]]) -> 0 | L8: =SUMIFS(PRODUCAO_SHRINK!E:E,PRODUCAO_SHRINK!B:B,PLANEJAMENTO[[#This Row],[SKU]],PRODUCAO_SHRINK!H:H,PLANEJAMENTO[[#Headers],[SHERINK ENVIADO]],PRODUCAO_SHRINK!V:V,PLANEJAMENTO[[#This Row],[LISTA]]) -> 0 | M8: =SUMIFS(IN_TRANSITO!E:E,IN_TRANSITO!B:B,PLANEJAMENTO!C8,IN_TRANSITO!H:H,PLANEJAMENTO!$M$2,IN_TRANSITO!W:W,PLANEJAMENTO!A8) -> 4392 | N8: 0 | O8: 4392 | P8: =(PLANEJAMENTO[[#This Row],[AGUARDANDO SEPARAÇÃO]]+PLANEJAMENTO[[#This Row],[FINALIZADO]])-(PLANEJAMENTO[[#This Row],[TOTAL LISTA]]+PLANEJAMENTO[[#This Row],[KIT]]) -> 0 | Q8: =IFERROR(VLOOKUP(PLANEJAMENTO[[#This Row],[SKU]],EST_MERCOCAMP!A:E,5,0),0) -> 4176 | R8: =IFERROR(VLOOKUP(PLANEJAMENTO[[#This Row],[SKU]],EST_LMX!A:C,3,0),0) -> 6024 | S8: =IFERROR(IF(VLOOKUP(C8,'EST_DEVINTEX X DEMANDA'!A:E,5,0)<0,0,VLOOKUP(C8,'EST_DEVINTEX X DEMANDA'!A:E,5,0)),0) -> 12420 | U8: =T8*G8 -> 0 | V8: =U8/H8 -> 0 | W8: NÃO | X8: NÃO | Y8: =(PLANEJAMENTO[[#This Row],[AGUARDANDO SEPARAÇÃO]]+PLANEJAMENTO[[#This Row],[FINALIZADO]])/(PLANEJAMENTO[[#This Row],[KIT]]+PLANEJAMENTO[[#This Row],[TOTAL LISTA]]) -> 1
A9: LIST_06 | B9: SHOPEE | C9: 95679 | D9: #TODECACHO GELATINA CONDICIONANTE SUPER DEFINICAO 1KG | E9: A | F9: ATIVO | G9: 480 | H9: 6 | I9: =SUMIFS(IN_TRANSITO!E:E,IN_TRANSITO!B:B,PLANEJAMENTO!C9,IN_TRANSITO!H:H,PLANEJAMENTO!$I$2,IN_TRANSITO!W:W,PLANEJAMENTO!A9) -> 0 | J9: =SUMIFS(IN_TRANSITO!E:E,IN_TRANSITO!B:B,PLANEJAMENTO!C9,IN_TRANSITO!H:H,PLANEJAMENTO!$J$2,IN_TRANSITO!W:W,PLANEJAMENTO!A9) -> 0 | K9: =SUMIFS(PRODUCAO_SHRINK!E:E,PRODUCAO_SHRINK!B:B,PLANEJAMENTO[[#This Row],[SKU]],PRODUCAO_SHRINK!H:H,PLANEJAMENTO[[#Headers],[SHERINK SOLICITADO]],PRODUCAO_SHRINK!V:V,PLANEJAMENTO[[#This Row],[LISTA]]) -> 0 | L9: =SUMIFS(PRODUCAO_SHRINK!E:E,PRODUCAO_SHRINK!B:B,PLANEJAMENTO[[#This Row],[SKU]],PRODUCAO_SHRINK!H:H,PLANEJAMENTO[[#Headers],[SHERINK ENVIADO]],PRODUCAO_SHRINK!V:V,PLANEJAMENTO[[#This Row],[LISTA]]) -> 0 | M9: =SUMIFS(IN_TRANSITO!E:E,IN_TRANSITO!B:B,PLANEJAMENTO!C9,IN_TRANSITO!H:H,PLANEJAMENTO!$M$2,IN_TRANSITO!W:W,PLANEJAMENTO!A9) -> 4902 | N9: 0 | O9: 4902 | P9: =(PLANEJAMENTO[[#This Row],[AGUARDANDO SEPARAÇÃO]]+PLANEJAMENTO[[#This Row],[FINALIZADO]])-(PLANEJAMENTO[[#This Row],[TOTAL LISTA]]+PLANEJAMENTO[[#This Row],[KIT]]) -> 0 | Q9: =IFERROR(VLOOKUP(PLANEJAMENTO[[#This Row],[SKU]],EST_MERCOCAMP!A:E,5,0),0) -> -4668 | R9: =IFERROR(VLOOKUP(PLANEJAMENTO[[#This Row],[SKU]],EST_LMX!A:C,3,0),0) -> 4830 | S9: =IFERROR(IF(VLOOKUP(C9,'EST_DEVINTEX X DEMANDA'!A:E,5,0)<0,0,VLOOKUP(C9,'EST_DEVINTEX X DEMANDA'!A:E,5,0)),0) -> 17034 | U9: =T9*G9 -> 0 | V9: =U9/H9 -> 0 | W9: NÃO | X9: NÃO | Y9: =(PLANEJAMENTO[[#This Row],[AGUARDANDO SEPARAÇÃO]]+PLANEJAMENTO[[#This Row],[FINALIZADO]])/(PLANEJAMENTO[[#This Row],[KIT]]+PLANEJAMENTO[[#This Row],[TOTAL LISTA]]) -> 1
A10: LIST_06 | B10: SHOPEE | C10: 34988 | D10: SOS HIDRATACAO MASCARA CONDICIONANTE OLEO DE RICINO 1KG | E10: B | F10: ATIVO | G10: 480 | H10: 6 | I10: =SUMIFS(IN_TRANSITO!E:E,IN_TRANSITO!B:B,PLANEJAMENTO!C10,IN_TRANSITO!H:H,PLANEJAMENTO!$I$2,IN_TRANSITO!W:W,PLANEJAMENTO!A10) -> 0 | J10: =SUMIFS(IN_TRANSITO!E:E,IN_TRANSITO!B:B,PLANEJAMENTO!C10,IN_TRANSITO!H:H,PLANEJAMENTO!$J$2,IN_TRANSITO!W:W,PLANEJAMENTO!A10) -> 0 | K10: =SUMIFS(PRODUCAO_SHRINK!E:E,PRODUCAO_SHRINK!B:B,PLANEJAMENTO[[#This Row],[SKU]],PRODUCAO_SHRINK!H:H,PLANEJAMENTO[[#Headers],[SHERINK SOLICITADO]],PRODUCAO_SHRINK!V:V,PLANEJAMENTO[[#This Row],[LISTA]]) -> 0 | L10: =SUMIFS(PRODUCAO_SHRINK!E:E,PRODUCAO_SHRINK!B:B,PLANEJAMENTO[[#This Row],[SKU]],PRODUCAO_SHRINK!H:H,PLANEJAMENTO[[#Headers],[SHERINK ENVIADO]],PRODUCAO_SHRINK!V:V,PLANEJAMENTO[[#This Row],[LISTA]]) -> 0 | M10: =SUMIFS(IN_TRANSITO!E:E,IN_TRANSITO!B:B,PLANEJAMENTO!C10,IN_TRANSITO!H:H,PLANEJAMENTO!$M$2,IN_TRANSITO!W:W,PLANEJAMENTO!A10) -> 8340 | N10: 0 | O10: 8340 | P10: =(PLANEJAMENTO[[#This Row],[AGUARDANDO SEPARAÇÃO]]+PLANEJAMENTO[[#This Row],[FINALIZADO]])-(PLANEJAMENTO[[#This Row],[TOTAL LISTA]]+PLANEJAMENTO[[#This Row],[KIT]]) -> 0 | Q10: =IFERROR(VLOOKUP(PLANEJAMENTO[[#This Row],[SKU]],EST_MERCOCAMP!A:E,5,0),0) -> -1812 | R10: =IFERROR(VLOOKUP(PLANEJAMENTO[[#This Row],[SKU]],EST_LMX!A:C,3,0),0) -> 5400 | S10: =IFERROR(IF(VLOOKUP(C10,'EST_DEVINTEX X DEMANDA'!A:E,5,0)<0,0,VLOOKUP(C10,'EST_DEVINTEX X DEMANDA'!A:E,5,0)),0) -> 2700 | U10: =T10*G10 -> 0 | V10: =U10/H10 -> 0 | W10: NÃO | X10: NÃO | Y10: =(PLANEJAMENTO[[#This Row],[AGUARDANDO SEPARAÇÃO]]+PLANEJAMENTO[[#This Row],[FINALIZADO]])/(PLANEJAMENTO[[#This Row],[KIT]]+PLANEJAMENTO[[#This Row],[TOTAL LISTA]]) -> 1
A11: LIST_06 | B11: SHOPEE | C11: 32022 | D11: MEU LISO CONDICIONADOR DEMAIS SPRAY DEFRIZANTE PROTETOR TÉRMICO 240ML | E11: B | F11: ATIVO | G11: 1584 | H11: 6 | I11: =SUMIFS(IN_TRANSITO!E:E,IN_TRANSITO!B:B,PLANEJAMENTO!C11,IN_TRANSITO!H:H,PLANEJAMENTO!$I$2,IN_TRANSITO!W:W,PLANEJAMENTO!A11) -> 0 | J11: =SUMIFS(IN_TRANSITO!E:E,IN_TRANSITO!B:B,PLANEJAMENTO!C11,IN_TRANSITO!H:H,PLANEJAMENTO!$J$2,IN_TRANSITO!W:W,PLANEJAMENTO!A11) -> 0 | K11: =SUMIFS(PRODUCAO_SHRINK!E:E,PRODUCAO_SHRINK!B:B,PLANEJAMENTO[[#This Row],[SKU]],PRODUCAO_SHRINK!H:H,PLANEJAMENTO[[#Headers],[SHERINK SOLICITADO]],PRODUCAO_SHRINK!V:V,PLANEJAMENTO[[#This Row],[LISTA]]) -> 0 | L11: =SUMIFS(PRODUCAO_SHRINK!E:E,PRODUCAO_SHRINK!B:B,PLANEJAMENTO[[#This Row],[SKU]],PRODUCAO_SHRINK!H:H,PLANEJAMENTO[[#Headers],[SHERINK ENVIADO]],PRODUCAO_SHRINK!V:V,PLANEJAMENTO[[#This Row],[LISTA]]) -> 0 | M11: =SUMIFS(IN_TRANSITO!E:E,IN_TRANSITO!B:B,PLANEJAMENTO!C11,IN_TRANSITO!H:H,PLANEJAMENTO!$M$2,IN_TRANSITO!W:W,PLANEJAMENTO!A11) -> 5874 | N11: 0 | O11: 5874 | P11: =(PLANEJAMENTO[[#This Row],[AGUARDANDO SEPARAÇÃO]]+PLANEJAMENTO[[#This Row],[FINALIZADO]])-(PLANEJAMENTO[[#This Row],[TOTAL LISTA]]+PLANEJAMENTO[[#This Row],[KIT]]) -> 0 | Q11: =IFERROR(VLOOKUP(PLANEJAMENTO[[#This Row],[SKU]],EST_MERCOCAMP!A:E,5,0),0) -> -384 | R11: =IFERROR(VLOOKUP(PLANEJAMENTO[[#This Row],[SKU]],EST_LMX!A:C,3,0),0) -> 1608 | S11: =IFERROR(IF(VLOOKUP(C11,'EST_DEVINTEX X DEMANDA'!A:E,5,0)<0,0,VLOOKUP(C11,'EST_DEVINTEX X DEMANDA'!A:E,5,0)),0) -> 16182 | U11: =T11*G11 -> 0 | V11: =U11/H11 -> 0 | W11: NÃO | X11: NÃO | Y11: =(PLANEJAMENTO[[#This Row],[AGUARDANDO SEPARAÇÃO]]+PLANEJAMENTO[[#This Row],[FINALIZADO]])/(PLANEJAMENTO[[#This Row],[KIT]]+PLANEJAMENTO[[#This Row],[TOTAL LISTA]]) -> 1
A12: LIST_06 | B12: SHOPEE | C12: 32136 | D12: OLEO SOS CACHOS OLEO DE COCO CONDICIONADOR 42ML | E12: B | F12: ATIVO | G12: 8544 | H12: 12 | I12: =SUMIFS(IN_TRANSITO!E:E,IN_TRANSITO!B:B,PLANEJAMENTO!C12,IN_TRANSITO!H:H,PLANEJAMENTO!$I$2,IN_TRANSITO!W:W,PLANEJAMENTO!A12) -> 0 | J12: =SUMIFS(IN_TRANSITO!E:E,IN_TRANSITO!B:B,PLANEJAMENTO!C12,IN_TRANSITO!H:H,PLANEJAMENTO!$J$2,IN_TRANSITO!W:W,PLANEJAMENTO!A12) -> 0 | K12: =SUMIFS(PRODUCAO_SHRINK!E:E,PRODUCAO_SHRINK!B:B,PLANEJAMENTO[[#This Row],[SKU]],PRODUCAO_SHRINK!H:H,PLANEJAMENTO[[#Headers],[SHERINK SOLICITADO]],PRODUCAO_SHRINK!V:V,PLANEJAMENTO[[#This Row],[LISTA]]) -> 0 | L12: =SUMIFS(PRODUCAO_SHRINK!E:E,PRODUCAO_SHRINK!B:B,PLANEJAMENTO[[#This Row],[SKU]],PRODUCAO_SHRINK!H:H,PLANEJAMENTO[[#Headers],[SHERINK ENVIADO]],PRODUCAO_SHRINK!V:V,PLANEJAMENTO[[#This Row],[LISTA]]) -> 0 | M12: =SUMIFS(IN_TRANSITO!E:E,IN_TRANSITO!B:B,PLANEJAMENTO!C12,IN_TRANSITO!H:H,PLANEJAMENTO!$M$2,IN_TRANSITO!W:W,PLANEJAMENTO!A12) -> 7596 | N12: 0 | O12: 7596 | P12: =(PLANEJAMENTO[[#This Row],[AGUARDANDO SEPARAÇÃO]]+PLANEJAMENTO[[#This Row],[FINALIZADO]])-(PLANEJAMENTO[[#This Row],[TOTAL LISTA]]+PLANEJAMENTO[[#This Row],[KIT]]) -> 0 | Q12: =IFERROR(VLOOKUP(PLANEJAMENTO[[#This Row],[SKU]],EST_MERCOCAMP!A:E,5,0),0) -> 28332 | R12: =IFERROR(VLOOKUP(PLANEJAMENTO[[#This Row],[SKU]],EST_LMX!A:C,3,0),0) -> 11232 | S12: =IFERROR(IF(VLOOKUP(C12,'EST_DEVINTEX X DEMANDA'!A:E,5,0)<0,0,VLOOKUP(C12,'EST_DEVINTEX X DEMANDA'!A:E,5,0)),0) -> 15060 | U12: =T12*G12 -> 0 | V12: =U12/H12 -> 0 | W12: SIM | X12: NÃO | Y12: =(PLANEJAMENTO[[#This Row],[AGUARDANDO SEPARAÇÃO]]+PLANEJAMENTO[[#This Row],[FINALIZADO]])/(PLANEJAMENTO[[#This Row],[KIT]]+PLANEJAMENTO[[#This Row],[TOTAL LISTA]]) -> 1
A13: LIST_06 | B13: SHOPEE | C13: 33095 | D13: CACHOS DOS SONHOS ÓLEO CONDICIONANTE SÉRUM DEFINIÇÃO NATURAL MULTY 200ML | E13: A | F13: ATIVO | G13: 2484 | H13: 6 | I13: =SUMIFS(IN_TRANSITO!E:E,IN_TRANSITO!B:B,PLANEJAMENTO!C13,IN_TRANSITO!H:H,PLANEJAMENTO!$I$2,IN_TRANSITO!W:W,PLANEJAMENTO!A13) -> 0 | J13: =SUMIFS(IN_TRANSITO!E:E,IN_TRANSITO!B:B,PLANEJAMENTO!C13,IN_TRANSITO!H:H,PLANEJAMENTO!$J$2,IN_TRANSITO!W:W,PLANEJAMENTO!A13) -> 0 | K13: =SUMIFS(PRODUCAO_SHRINK!E:E,PRODUCAO_SHRINK!B:B,PLANEJAMENTO[[#This Row],[SKU]],PRODUCAO_SHRINK!H:H,PLANEJAMENTO[[#Headers],[SHERINK SOLICITADO]],PRODUCAO_SHRINK!V:V,PLANEJAMENTO[[#This Row],[LISTA]]) -> 0 | L13: =SUMIFS(PRODUCAO_SHRINK!E:E,PRODUCAO_SHRINK!B:B,PLANEJAMENTO[[#This Row],[SKU]],PRODUCAO_SHRINK!H:H,PLANEJAMENTO[[#Headers],[SHERINK ENVIADO]],PRODUCAO_SHRINK!V:V,PLANEJAMENTO[[#This Row],[LISTA]]) -> 0 | M13: =SUMIFS(IN_TRANSITO!E:E,IN_TRANSITO!B:B,PLANEJAMENTO!C13,IN_TRANSITO!H:H,PLANEJAMENTO!$M$2,IN_TRANSITO!W:W,PLANEJAMENTO!A13) -> 3852 | N13: 0 | O13: 3852 | P13: =(PLANEJAMENTO[[#This Row],[AGUARDANDO SEPARAÇÃO]]+PLANEJAMENTO[[#This Row],[FINALIZADO]])-(PLANEJAMENTO[[#This Row],[TOTAL LISTA]]+PLANEJAMENTO[[#This Row],[KIT]]) -> 0 | Q13: =IFERROR(VLOOKUP(PLANEJAMENTO[[#This Row],[SKU]],EST_MERCOCAMP!A:E,5,0),0) -> -4974 | R13: =IFERROR(VLOOKUP(PLANEJAMENTO[[#This Row],[SKU]],EST_LMX!A:C,3,0),0) -> 0 | S13: =IFERROR(IF(VLOOKUP(C13,'EST_DEVINTEX X DEMANDA'!A:E,5,0)<0,0,VLOOKUP(C13,'EST_DEVINTEX X DEMANDA'!A:E,5,0)),0) -> 11298 | U13: =T13*G13 -> 0 | V13: =U13/H13 -> 0 | W13: NÃO | X13: NÃO | Y13: =(PLANEJAMENTO[[#This Row],[AGUARDANDO SEPARAÇÃO]]+PLANEJAMENTO[[#This Row],[FINALIZADO]])/(PLANEJAMENTO[[#This Row],[KIT]]+PLANEJAMENTO[[#This Row],[TOTAL LISTA]]) -> 1
A14: LIST_06 | B14: SHOPEE | C14: 33107 | D14: #TODECACHO GELATINA DEFINIÇÃO NATURAL 550G | E14: A | F14: ATIVO | G14: 960 | H14: 6 | I14: =SUMIFS(IN_TRANSITO!E:E,IN_TRANSITO!B:B,PLANEJAMENTO!C14,IN_TRANSITO!H:H,PLANEJAMENTO!$I$2,IN_TRANSITO!W:W,PLANEJAMENTO!A14) -> 0 | J14: =SUMIFS(IN_TRANSITO!E:E,IN_TRANSITO!B:B,PLANEJAMENTO!C14,IN_TRANSITO!H:H,PLANEJAMENTO!$J$2,IN_TRANSITO!W:W,PLANEJAMENTO!A14) -> 0 | K14: =SUMIFS(PRODUCAO_SHRINK!E:E,PRODUCAO_SHRINK!B:B,PLANEJAMENTO[[#This Row],[SKU]],PRODUCAO_SHRINK!H:H,PLANEJAMENTO[[#Headers],[SHERINK SOLICITADO]],PRODUCAO_SHRINK!V:V,PLANEJAMENTO[[#This Row],[LISTA]]) -> 0 | L14: =SUMIFS(PRODUCAO_SHRINK!E:E,PRODUCAO_SHRINK!B:B,PLANEJAMENTO[[#This Row],[SKU]],PRODUCAO_SHRINK!H:H,PLANEJAMENTO[[#Headers],[SHERINK ENVIADO]],PRODUCAO_SHRINK!V:V,PLANEJAMENTO[[#This Row],[LISTA]]) -> 0 | M14: =SUMIFS(IN_TRANSITO!E:E,IN_TRANSITO!B:B,PLANEJAMENTO!C14,IN_TRANSITO!H:H,PLANEJAMENTO!$M$2,IN_TRANSITO!W:W,PLANEJAMENTO!A14) -> 6600 | N14: 0 | O14: 6600 | P14: =(PLANEJAMENTO[[#This Row],[AGUARDANDO SEPARAÇÃO]]+PLANEJAMENTO[[#This Row],[FINALIZADO]])-(PLANEJAMENTO[[#This Row],[TOTAL LISTA]]+PLANEJAMENTO[[#This Row],[KIT]]) -> 0 | Q14: =IFERROR(VLOOKUP(PLANEJAMENTO[[#This Row],[SKU]],EST_MERCOCAMP!A:E,5,0),0) -> 20178 | R14: =IFERROR(VLOOKUP(PLANEJAMENTO[[#This Row],[SKU]],EST_LMX!A:C,3,0),0) -> 9174 | S14: =IFERROR(IF(VLOOKUP(C14,'EST_DEVINTEX X DEMANDA'!A:E,5,0)<0,0,VLOOKUP(C14,'EST_DEVINTEX X DEMANDA'!A:E,5,0)),0) -> 19320 | U14: =T14*G14 -> 0 | V14: =U14/H14 -> 0 | W14: NÃO | X14: NÃO | Y14: =(PLANEJAMENTO[[#This Row],[AGUARDANDO SEPARAÇÃO]]+PLANEJAMENTO[[#This Row],[FINALIZADO]])/(PLANEJAMENTO[[#This Row],[KIT]]+PLANEJAMENTO[[#This Row],[TOTAL LISTA]]) -> 1
... A803: LIST_09 | B803: SHOPEE | C803: 32636 | D803: HIDRA MARACUJA KIT SHAMPOO + CONDICIONADOR 300ML | E803: B | F803: ATIVO | G803: 720 | H803: 6 | I803: =SUMIFS(IN_TRANSITO!E:E,IN_TRANSITO!B:B,PLANEJAMENTO!C803,IN_TRANSITO!H:H,PLANEJAMENTO!$I$2,IN_TRANSITO!W:W,PLANEJAMENTO!A803) -> 0 | J803: =SUMIFS(IN_TRANSITO!E:E,IN_TRANSITO!B:B,PLANEJAMENTO!C803,IN_TRANSITO!H:H,PLANEJAMENTO!$J$2,IN_TRANSITO!W:W,PLANEJAMENTO!A803) -> 0 | K803: =SUMIFS(PRODUCAO_SHRINK!E:E,PRODUCAO_SHRINK!B:B,PLANEJAMENTO[[#This Row],[SKU]],PRODUCAO_SHRINK!H:H,PLANEJAMENTO[[#Headers],[SHERINK SOLICITADO]],PRODUCAO_SHRINK!V:V,PLANEJAMENTO[[#This Row],[LISTA]]) -> 0 | L803: =SUMIFS(PRODUCAO_SHRINK!E:E,PRODUCAO_SHRINK!B:B,PLANEJAMENTO[[#This Row],[SKU]],PRODUCAO_SHRINK!H:H,PLANEJAMENTO[[#Headers],[SHERINK ENVIADO]],PRODUCAO_SHRINK!V:V,PLANEJAMENTO[[#This Row],[LISTA]]) -> 0 | M803: =SUMIFS(IN_TRANSITO!E:E,IN_TRANSITO!B:B,PLANEJAMENTO!C803,IN_TRANSITO!H:H,PLANEJAMENTO!$M$2,IN_TRANSITO!W:W,PLANEJAMENTO!A803) -> 0 | N803: 0 | O803: 24 | P803: =(PLANEJAMENTO[[#This Row],[AGUARDANDO SEPARAÇÃO]]+PLANEJAMENTO[[#This Row],[FINALIZADO]])-(PLANEJAMENTO[[#This Row],[TOTAL LISTA]]+PLANEJAMENTO[[#This Row],[KIT]]) -> -24 | Q803: =IFERROR(VLOOKUP(PLANEJAMENTO[[#This Row],[SKU]],EST_MERCOCAMP!A:E,5,0),0) -> -42 | R803: =IFERROR(VLOOKUP(PLANEJAMENTO[[#This Row],[SKU]],EST_LMX!A:C,3,0),0) -> 1512 | S803: =IFERROR(IF(VLOOKUP(C803,'EST_DEVINTEX X DEMANDA'!A:E,5,0)<0,0,VLOOKUP(C803,'EST_DEVINTEX X DEMANDA'!A:E,5,0)),0) -> 7596 | U803: =T803*G803 -> 0 | V803: =U803/H803 -> 0 | W803: NÃO | X803: NÃO | Y803: =(PLANEJAMENTO[[#This Row],[AGUARDANDO SEPARAÇÃO]]+PLANEJAMENTO[[#This Row],[FINALIZADO]])/(PLANEJAMENTO[[#This Row],[KIT]]+PLANEJAMENTO[[#This Row],[TOTAL LISTA]]) -> 0
A804: MELI_01 | B804: MERCADO LIVRE | C804: 95269 | D804: Creme para Pentear Salon Line SOS Cachos Super Óleos 300ml | E804: =VLOOKUP(PLANEJAMENTO[[#This Row],[SKU]],BASE!A:B,2,0) -> A | F804: ATIVO | G804: =VLOOKUP(PLANEJAMENTO[[#This Row],[SKU]],BASE!A:D,4,0) -> 1620 | H804: =VLOOKUP(PLANEJAMENTO[[#This Row],[SKU]],BASE!A:E,5,0) -> 6 | I804: =SUMIFS(IN_TRANSITO!E:E,IN_TRANSITO!B:B,PLANEJAMENTO!C804,IN_TRANSITO!H:H,PLANEJAMENTO!$I$2,IN_TRANSITO!W:W,PLANEJAMENTO!A804) -> 0 | J804: =SUMIFS(IN_TRANSITO!E:E,IN_TRANSITO!B:B,PLANEJAMENTO!C804,IN_TRANSITO!H:H,PLANEJAMENTO!$J$2,IN_TRANSITO!W:W,PLANEJAMENTO!A804) -> 0 | K804: =SUMIFS(PRODUCAO_SHRINK!E:E,PRODUCAO_SHRINK!B:B,PLANEJAMENTO[[#This Row],[SKU]],PRODUCAO_SHRINK!H:H,PLANEJAMENTO[[#Headers],[SHERINK SOLICITADO]],PRODUCAO_SHRINK!V:V,PLANEJAMENTO[[#This Row],[LISTA]]) -> 0 | L804: =SUMIFS(PRODUCAO_SHRINK!E:E,PRODUCAO_SHRINK!B:B,PLANEJAMENTO[[#This Row],[SKU]],PRODUCAO_SHRINK!H:H,PLANEJAMENTO[[#Headers],[SHERINK ENVIADO]],PRODUCAO_SHRINK!V:V,PLANEJAMENTO[[#This Row],[LISTA]]) -> 0 | M804: =SUMIFS(IN_TRANSITO!E:E,IN_TRANSITO!B:B,PLANEJAMENTO!C804,IN_TRANSITO!H:H,PLANEJAMENTO!$M$2,IN_TRANSITO!W:W,PLANEJAMENTO!A804) -> 63 | N804: 63 | O804: 0 | P804: =(PLANEJAMENTO[[#This Row],[AGUARDANDO SEPARAÇÃO]]+PLANEJAMENTO[[#This Row],[FINALIZADO]])-(PLANEJAMENTO[[#This Row],[TOTAL LISTA]]+PLANEJAMENTO[[#This Row],[KIT]]) -> 0 | Q804: =IFERROR(VLOOKUP(PLANEJAMENTO[[#This Row],[SKU]],EST_MERCOCAMP!A:E,5,0),0) -> 1428 | R804: =IFERROR(VLOOKUP(PLANEJAMENTO[[#This Row],[SKU]],EST_LMX!A:C,3,0),0) -> 2076 | S804: =IFERROR(IF(VLOOKUP(C804,'EST_DEVINTEX X DEMANDA'!A:E,5,0)<0,0,VLOOKUP(C804,'EST_DEVINTEX X DEMANDA'!A:E,5,0)),0) -> 3462 | U804: =T804*G804 -> 0 | V804: =U804/H804 -> 0 | W804: NÃO | X804: SIM | Y804: =(PLANEJAMENTO[[#This Row],[AGUARDANDO SEPARAÇÃO]]+PLANEJAMENTO[[#This Row],[FINALIZADO]])/(PLANEJAMENTO[[#This Row],[KIT]]+PLANEJAMENTO[[#This Row],[TOTAL LISTA]]) -> 1
A805: MELI_01 | B805: MERCADO LIVRE | C805: 34794 | D805: Condicionador Cachos Super Óleos | Salon Line SOS Cachos | E805: =VLOOKUP(PLANEJAMENTO[[#This Row],[SKU]],BASE!A:B,2,0) -> B | F805: ATIVO | G805: =VLOOKUP(PLANEJAMENTO[[#This Row],[SKU]],BASE!A:D,4,0) -> 1560 | H805: =VLOOKUP(PLANEJAMENTO[[#This Row],[SKU]],BASE!A:E,5,0) -> 12 | I805: =SUMIFS(IN_TRANSITO!E:E,IN_TRANSITO!B:B,PLANEJAMENTO!C805,IN_TRANSITO!H:H,PLANEJAMENTO!$I$2,IN_TRANSITO!W:W,PLANEJAMENTO!A805) -> 0 | J805: =SUMIFS(IN_TRANSITO!E:E,IN_TRANSITO!B:B,PLANEJAMENTO!C805,IN_TRANSITO!H:H,PLANEJAMENTO!$J$2,IN_TRANSITO!W:W,PLANEJAMENTO!A805) -> 0 | K805: =SUMIFS(PRODUCAO_SHRINK!E:E,PRODUCAO_SHRINK!B:B,PLANEJAMENTO[[#This Row],[SKU]],PRODUCAO_SHRINK!H:H,PLANEJAMENTO[[#Headers],[SHERINK SOLICITADO]],PRODUCAO_SHRINK!V:V,PLANEJAMENTO[[#This Row],[LISTA]]) -> 0 | L805: =SUMIFS(PRODUCAO_SHRINK!E:E,PRODUCAO_SHRINK!B:B,PLANEJAMENTO[[#This Row],[SKU]],PRODUCAO_SHRINK!H:H,PLANEJAMENTO[[#Headers],[SHERINK ENVIADO]],PRODUCAO_SHRINK!V:V,PLANEJAMENTO[[#This Row],[LISTA]]) -> 0 | M805: =SUMIFS(IN_TRANSITO!E:E,IN_TRANSITO!B:B,PLANEJAMENTO!C805,IN_TRANSITO!H:H,PLANEJAMENTO!$M$2,IN_TRANSITO!W:W,PLANEJAMENTO!A805) -> 63 | N805: 63 | O805: 0 | P805: =(PLANEJAMENTO[[#This Row],[AGUARDANDO SEPARAÇÃO]]+PLANEJAMENTO[[#This Row],[FINALIZADO]])-(PLANEJAMENTO[[#This Row],[TOTAL LISTA]]+PLANEJAMENTO[[#This Row],[KIT]]) -> 0 | Q805: =IFERROR(VLOOKUP(PLANEJAMENTO[[#This Row],[SKU]],EST_MERCOCAMP!A:E,5,0),0) -> 2040 | R805: =IFERROR(VLOOKUP(PLANEJAMENTO[[#This Row],[SKU]],EST_LMX!A:C,3,0),0) -> 2028 | S805: =IFERROR(IF(VLOOKUP(C805,'EST_DEVINTEX X DEMANDA'!A:E,5,0)<0,0,VLOOKUP(C805,'EST_DEVINTEX X DEMANDA'!A:E,5,0)),0) -> 3564 | U805: =T805*G805 -> 0 | V805: =U805/H805 -> 0 | W805: NÃO | X805: SIM | Y805: =(PLANEJAMENTO[[#This Row],[AGUARDANDO SEPARAÇÃO]]+PLANEJAMENTO[[#This Row],[FINALIZADO]])/(PLANEJAMENTO[[#This Row],[KIT]]+PLANEJAMENTO[[#This Row],[TOTAL LISTA]]) -> 1
A806: MELI_01 | B806: MERCADO LIVRE | C806: 34665 | D806: Ativador de Cachos Salon Line Super Óleos 500ml | S.O.S Cachos | E806: =VLOOKUP(PLANEJAMENTO[[#This Row],[SKU]],BASE!A:B,2,0) -> A | F806: ATIVO | G806: =VLOOKUP(PLANEJAMENTO[[#This Row],[SKU]],BASE!A:D,4,0) -> 936 | H806: =VLOOKUP(PLANEJAMENTO[[#This Row],[SKU]],BASE!A:E,5,0) -> 6 | I806: =SUMIFS(IN_TRANSITO!E:E,IN_TRANSITO!B:B,PLANEJAMENTO!C806,IN_TRANSITO!H:H,PLANEJAMENTO!$I$2,IN_TRANSITO!W:W,PLANEJAMENTO!A806) -> 0 | J806: =SUMIFS(IN_TRANSITO!E:E,IN_TRANSITO!B:B,PLANEJAMENTO!C806,IN_TRANSITO!H:H,PLANEJAMENTO!$J$2,IN_TRANSITO!W:W,PLANEJAMENTO!A806) -> 0 | K806: =SUMIFS(PRODUCAO_SHRINK!E:E,PRODUCAO_SHRINK!B:B,PLANEJAMENTO[[#This Row],[SKU]],PRODUCAO_SHRINK!H:H,PLANEJAMENTO[[#Headers],[SHERINK SOLICITADO]],PRODUCAO_SHRINK!V:V,PLANEJAMENTO[[#This Row],[LISTA]]) -> 0 | L806: =SUMIFS(PRODUCAO_SHRINK!E:E,PRODUCAO_SHRINK!B:B,PLANEJAMENTO[[#This Row],[SKU]],PRODUCAO_SHRINK!H:H,PLANEJAMENTO[[#Headers],[SHERINK ENVIADO]],PRODUCAO_SHRINK!V:V,PLANEJAMENTO[[#This Row],[LISTA]]) -> 0 | M806: =SUMIFS(IN_TRANSITO!E:E,IN_TRANSITO!B:B,PLANEJAMENTO!C806,IN_TRANSITO!H:H,PLANEJAMENTO!$M$2,IN_TRANSITO!W:W,PLANEJAMENTO!A806) -> 63 | N806: 63 | O806: 0 | P806: =(PLANEJAMENTO[[#This Row],[AGUARDANDO SEPARAÇÃO]]+PLANEJAMENTO[[#This Row],[FINALIZADO]])-(PLANEJAMENTO[[#This Row],[TOTAL LISTA]]+PLANEJAMENTO[[#This Row],[KIT]]) -> 0 | Q806: =IFERROR(VLOOKUP(PLANEJAMENTO[[#This Row],[SKU]],EST_MERCOCAMP!A:E,5,0),0) -> -1728 | R806: =IFERROR(VLOOKUP(PLANEJAMENTO[[#This Row],[SKU]],EST_LMX!A:C,3,0),0) -> 144 | S806: =IFERROR(IF(VLOOKUP(C806,'EST_DEVINTEX X DEMANDA'!A:E,5,0)<0,0,VLOOKUP(C806,'EST_DEVINTEX X DEMANDA'!A:E,5,0)),0) -> 9426 | U806: =T806*G806 -> 0 | V806: =U806/H806 -> 0 | W806: NÃO | X806: SIM | Y806: =(PLANEJAMENTO[[#This Row],[AGUARDANDO SEPARAÇÃO]]+PLANEJAMENTO[[#This Row],[FINALIZADO]])/(PLANEJAMENTO[[#This Row],[KIT]]+PLANEJAMENTO[[#This Row],[TOTAL LISTA]]) -> 1
A807: MELI_01 | B807: MERCADO LIVRE | C807: 34793 | D807: Shampoo Nutritivo SOS Cachos Super Óleos 300ml | Salon Line | E807: =VLOOKUP(PLANEJAMENTO[[#This Row],[SKU]],BASE!A:B,2,0) -> A | F807: ATIVO | G807: =VLOOKUP(PLANEJAMENTO[[#This Row],[SKU]],BASE!A:D,4,0) -> 1560 | H807: =VLOOKUP(PLANEJAMENTO[[#This Row],[SKU]],BASE!A:E,5,0) -> 12 | I807: =SUMIFS(IN_TRANSITO!E:E,IN_TRANSITO!B:B,PLANEJAMENTO!C807,IN_TRANSITO!H:H,PLANEJAMENTO!$I$2,IN_TRANSITO!W:W,PLANEJAMENTO!A807) -> 0 | J807: =SUMIFS(IN_TRANSITO!E:E,IN_TRANSITO!B:B,PLANEJAMENTO!C807,IN_TRANSITO!H:H,PLANEJAMENTO!$J$2,IN_TRANSITO!W:W,PLANEJAMENTO!A807) -> 0 | K807: =SUMIFS(PRODUCAO_SHRINK!E:E,PRODUCAO_SHRINK!B:B,PLANEJAMENTO[[#This Row],[SKU]],PRODUCAO_SHRINK!H:H,PLANEJAMENTO[[#Headers],[SHERINK SOLICITADO]],PRODUCAO_SHRINK!V:V,PLANEJAMENTO[[#This Row],[LISTA]]) -> 0 | L807: =SUMIFS(PRODUCAO_SHRINK!E:E,PRODUCAO_SHRINK!B:B,PLANEJAMENTO[[#This Row],[SKU]],PRODUCAO_SHRINK!H:H,PLANEJAMENTO[[#Headers],[SHERINK ENVIADO]],PRODUCAO_SHRINK!V:V,PLANEJAMENTO[[#This Row],[LISTA]]) -> 0 | M807: =SUMIFS(IN_TRANSITO!E:E,IN_TRANSITO!B:B,PLANEJAMENTO!C807,IN_TRANSITO!H:H,PLANEJAMENTO!$M$2,IN_TRANSITO!W:W,PLANEJAMENTO!A807) -> 63 | N807: 63 | O807: 0 | P807: =(PLANEJAMENTO[[#This Row],[AGUARDANDO SEPARAÇÃO]]+PLANEJAMENTO[[#This Row],[FINALIZADO]])-(PLANEJAMENTO[[#This Row],[TOTAL LISTA]]+PLANEJAMENTO[[#This Row],[KIT]]) -> 0 | Q807: =IFERROR(VLOOKUP(PLANEJAMENTO[[#This Row],[SKU]],EST_MERCOCAMP!A:E,5,0),0) -> 480 | R807: =IFERROR(VLOOKUP(PLANEJAMENTO[[#This Row],[SKU]],EST_LMX!A:C,3,0),0) -> 2208 | S807: =IFERROR(IF(VLOOKUP(C807,'EST_DEVINTEX X DEMANDA'!A:E,5,0)<0,0,VLOOKUP(C807,'EST_DEVINTEX X DEMANDA'!A:E,5,0)),0) -> 0 | U807: =T807*G807 -> 0 | V807: =U807/H807 -> 0 | W807: NÃO | X807: SIM | Y807: =(PLANEJAMENTO[[#This Row],[AGUARDANDO SEPARAÇÃO]]+PLANEJAMENTO[[#This Row],[FINALIZADO]])/(PLANEJAMENTO[[#This Row],[KIT]]+PLANEJAMENTO[[#This Row],[TOTAL LISTA]]) -> 1
A808: MELI_01 | B808: MERCADO LIVRE | C808: 34847 | D808: Cremascara 2 Em 1 S.O.S Cachos Super Oleos 1kg Salon Line | E808: =VLOOKUP(PLANEJAMENTO[[#This Row],[SKU]],BASE!A:B,2,0) -> B | F808: ATIVO | G808: =VLOOKUP(PLANEJAMENTO[[#This Row],[SKU]],BASE!A:D,4,0) -> 390 | H808: =VLOOKUP(PLANEJAMENTO[[#This Row],[SKU]],BASE!A:E,5,0) -> 6 | I808: =SUMIFS(IN_TRANSITO!E:E,IN_TRANSITO!B:B,PLANEJAMENTO!C808,IN_TRANSITO!H:H,PLANEJAMENTO!$I$2,IN_TRANSITO!W:W,PLANEJAMENTO!A808) -> 0 | J808: =SUMIFS(IN_TRANSITO!E:E,IN_TRANSITO!B:B,PLANEJAMENTO!C808,IN_TRANSITO!H:H,PLANEJAMENTO!$J$2,IN_TRANSITO!W:W,PLANEJAMENTO!A808) -> 0 | K808: =SUMIFS(PRODUCAO_SHRINK!E:E,PRODUCAO_SHRINK!B:B,PLANEJAMENTO[[#This Row],[SKU]],PRODUCAO_SHRINK!H:H,PLANEJAMENTO[[#Headers],[SHERINK SOLICITADO]],PRODUCAO_SHRINK!V:V,PLANEJAMENTO[[#This Row],[LISTA]]) -> 102 | L808: =SUMIFS(PRODUCAO_SHRINK!E:E,PRODUCAO_SHRINK!B:B,PLANEJAMENTO[[#This Row],[SKU]],PRODUCAO_SHRINK!H:H,PLANEJAMENTO[[#Headers],[SHERINK ENVIADO]],PRODUCAO_SHRINK!V:V,PLANEJAMENTO[[#This Row],[LISTA]]) -> 0 | M808: =SUMIFS(IN_TRANSITO!E:E,IN_TRANSITO!B:B,PLANEJAMENTO!C808,IN_TRANSITO!H:H,PLANEJAMENTO!$M$2,IN_TRANSITO!W:W,PLANEJAMENTO!A808) -> 63 | N808: 63 | O808: 102 | P808: =(PLANEJAMENTO[[#This Row],[AGUARDANDO SEPARAÇÃO]]+PLANEJAMENTO[[#This Row],[FINALIZADO]])-(PLANEJAMENTO[[#This Row],[TOTAL LISTA]]+PLANEJAMENTO[[#This Row],[KIT]]) -> -102 | Q808: =IFERROR(VLOOKUP(PLANEJAMENTO[[#This Row],[SKU]],EST_MERCOCAMP!A:E,5,0),0) -> -60 | R808: =IFERROR(VLOOKUP(PLANEJAMENTO[[#This Row],[SKU]],EST_LMX!A:C,3,0),0) -> 396 | S808: =IFERROR(IF(VLOOKUP(C808,'EST_DEVINTEX X DEMANDA'!A:E,5,0)<0,0,VLOOKUP(C808,'EST_DEVINTEX X DEMANDA'!A:E,5,0)),0) -> 0 | U808: =T808*G808 -> 0 | V808: =U808/H808 -> 0 | W808: SIM | X808: SIM | Y808: =(PLANEJAMENTO[[#This Row],[AGUARDANDO SEPARAÇÃO]]+PLANEJAMENTO[[#This Row],[FINALIZADO]])/(PLANEJAMENTO[[#This Row],[KIT]]+PLANEJAMENTO[[#This Row],[TOTAL LISTA]]) -> 0.38181818
A809: MELI_01 | B809: MERCADO LIVRE | C809: 32137 | D809: Oleo De Tratamento Super Oleos S.O.S Cachos 42ml Salon Line | E809: =VLOOKUP(PLANEJAMENTO[[#This Row],[SKU]],BASE!A:B,2,0) -> A | F809: ATIVO | G809: =VLOOKUP(PLANEJAMENTO[[#This Row],[SKU]],BASE!A:D,4,0) -> 8544 | H809: =VLOOKUP(PLANEJAMENTO[[#This Row],[SKU]],BASE!A:E,5,0) -> 12 | I809: =SUMIFS(IN_TRANSITO!E:E,IN_TRANSITO!B:B,PLANEJAMENTO!C809,IN_TRANSITO!H:H,PLANEJAMENTO!$I$2,IN_TRANSITO!W:W,PLANEJAMENTO!A809) -> 0 | J809: =SUMIFS(IN_TRANSITO!E:E,IN_TRANSITO!B:B,PLANEJAMENTO!C809,IN_TRANSITO!H:H,PLANEJAMENTO!$J$2,IN_TRANSITO!W:W,PLANEJAMENTO!A809) -> 0 | K809: =SUMIFS(PRODUCAO_SHRINK!E:E,PRODUCAO_SHRINK!B:B,PLANEJAMENTO[[#This Row],[SKU]],PRODUCAO_SHRINK!H:H,PLANEJAMENTO[[#Headers],[SHERINK SOLICITADO]],PRODUCAO_SHRINK!V:V,PLANEJAMENTO[[#This Row],[LISTA]]) -> 0 | L809: =SUMIFS(PRODUCAO_SHRINK!E:E,PRODUCAO_SHRINK!B:B,PLANEJAMENTO[[#This Row],[SKU]],PRODUCAO_SHRINK!H:H,PLANEJAMENTO[[#Headers],[SHERINK ENVIADO]],PRODUCAO_SHRINK!V:V,PLANEJAMENTO[[#This Row],[LISTA]]) -> 0 | M809: =SUMIFS(IN_TRANSITO!E:E,IN_TRANSITO!B:B,PLANEJAMENTO!C809,IN_TRANSITO!H:H,PLANEJAMENTO!$M$2,IN_TRANSITO!W:W,PLANEJAMENTO!A809) -> 1335 | N809: 63 | O809: 1272 | P809: =(PLANEJAMENTO[[#This Row],[AGUARDANDO SEPARAÇÃO]]+PLANEJAMENTO[[#This Row],[FINALIZADO]])-(PLANEJAMENTO[[#This Row],[TOTAL LISTA]]+PLANEJAMENTO[[#This Row],[KIT]]) -> 0 | Q809: =IFERROR(VLOOKUP(PLANEJAMENTO[[#This Row],[SKU]],EST_MERCOCAMP!A:E,5,0),0) -> 11244 | R809: =IFERROR(VLOOKUP(PLANEJAMENTO[[#This Row],[SKU]],EST_LMX!A:C,3,0),0) -> 11646 | S809: =IFERROR(IF(VLOOKUP(C809,'EST_DEVINTEX X DEMANDA'!A:E,5,0)<0,0,VLOOKUP(C809,'EST_DEVINTEX X DEMANDA'!A:E,5,0)),0) -> 29904 | U809: =T809*G809 -> 0 | V809: =U809/H809 -> 0 | W809: NÃO | X809: SIM | Y809: =(PLANEJAMENTO[[#This Row],[AGUARDANDO SEPARAÇÃO]]+PLANEJAMENTO[[#This Row],[FINALIZADO]])/(PLANEJAMENTO[[#This Row],[KIT]]+PLANEJAMENTO[[#This Row],[TOTAL LISTA]]) -> 1
A810: MELI_01 | B810: MERCADO LIVRE | C810: 95701 | D810: Creme Para Pentear Definicao Maxima 1kg - Salon Line | E810: =VLOOKUP(PLANEJAMENTO[[#This Row],[SKU]],BASE!A:B,2,0) -> A | F810: ATIVO | G810: =VLOOKUP(PLANEJAMENTO[[#This Row],[SKU]],BASE!A:D,4,0) -> 480 | H810: =VLOOKUP(PLANEJAMENTO[[#This Row],[SKU]],BASE!A:E,5,0) -> 6 | I810: =SUMIFS(IN_TRANSITO!E:E,IN_TRANSITO!B:B,PLANEJAMENTO!C810,IN_TRANSITO!H:H,PLANEJAMENTO!$I$2,IN_TRANSITO!W:W,PLANEJAMENTO!A810) -> 0 | J810: =SUMIFS(IN_TRANSITO!E:E,IN_TRANSITO!B:B,PLANEJAMENTO!C810,IN_TRANSITO!H:H,PLANEJAMENTO!$J$2,IN_TRANSITO!W:W,PLANEJAMENTO!A810) -> 0 | K810: =SUMIFS(PRODUCAO_SHRINK!E:E,PRODUCAO_SHRINK!B:B,PLANEJAMENTO[[#This Row],[SKU]],PRODUCAO_SHRINK!H:H,PLANEJAMENTO[[#Headers],[SHERINK SOLICITADO]],PRODUCAO_SHRINK!V:V,PLANEJAMENTO[[#This Row],[LISTA]]) -> 42 | L810: =SUMIFS(PRODUCAO_SHRINK!E:E,PRODUCAO_SHRINK!B:B,PLANEJAMENTO[[#This Row],[SKU]],PRODUCAO_SHRINK!H:H,PLANEJAMENTO[[#Headers],[SHERINK ENVIADO]],PRODUCAO_SHRINK!V:V,PLANEJAMENTO[[#This Row],[LISTA]]) -> 0 | M810: =SUMIFS(IN_TRANSITO!E:E,IN_TRANSITO!B:B,PLANEJAMENTO!C810,IN_TRANSITO!H:H,PLANEJAMENTO!$M$2,IN_TRANSITO!W:W,PLANEJAMENTO!A810) -> 329 | N810: 329 | O810: 42 | P810: =(PLANEJAMENTO[[#This Row],[AGUARDANDO SEPARAÇÃO]]+PLANEJAMENTO[[#This Row],[FINALIZADO]])-(PLANEJAMENTO[[#This Row],[TOTAL LISTA]]+PLANEJAMENTO[[#This Row],[KIT]]) -> -42 | Q810: =IFERROR(VLOOKUP(PLANEJAMENTO[[#This Row],[SKU]],EST_MERCOCAMP!A:E,5,0),0) -> -3960 | R810: =IFERROR(VLOOKUP(PLANEJAMENTO[[#This Row],[SKU]],EST_LMX!A:C,3,0),0) -> 2148 | S810: =IFERROR(IF(VLOOKUP(C810,'EST_DEVINTEX X DEMANDA'!A:E,5,0)<0,0,VLOOKUP(C810,'EST_DEVINTEX X DEMANDA'!A:E,5,0)),0) -> 7920 | U810: =T810*G810 -> 0 | V810: =U810/H810 -> 0 | W810: SIM | X810: SIM | Y810: =(PLANEJAMENTO[[#This Row],[AGUARDANDO SEPARAÇÃO]]+PLANEJAMENTO[[#This Row],[FINALIZADO]])/(PLANEJAMENTO[[#This Row],[KIT]]+PLANEJAMENTO[[#This Row],[TOTAL LISTA]]) -> 0.88679245
A811: MELI_01 | B811: MERCADO LIVRE | C811: 32920 | D811: Creme Pentear Oleo Extraordinario Uva + Melancia Salon Line | E811: =VLOOKUP(PLANEJAMENTO[[#This Row],[SKU]],BASE!A:B,2,0) -> A | F811: ATIVO | G811: =VLOOKUP(PLANEJAMENTO[[#This Row],[SKU]],BASE!A:D,4,0) -> 480 | H811: =VLOOKUP(PLANEJAMENTO[[#This Row],[SKU]],BASE!A:E,5,0) -> 6 | I811: =SUMIFS(IN_TRANSITO!E:E,IN_TRANSITO!B:B,PLANEJAMENTO!C811,IN_TRANSITO!H:H,PLANEJAMENTO!$I$2,IN_TRANSITO!W:W,PLANEJAMENTO!A811) -> 0 | J811: =SUMIFS(IN_TRANSITO!E:E,IN_TRANSITO!B:B,PLANEJAMENTO!C811,IN_TRANSITO!H:H,PLANEJAMENTO!$J$2,IN_TRANSITO!W:W,PLANEJAMENTO!A811) -> 0 | K811: =SUMIFS(PRODUCAO_SHRINK!E:E,PRODUCAO_SHRINK!B:B,PLANEJAMENTO[[#This Row],[SKU]],PRODUCAO_SHRINK!H:H,PLANEJAMENTO[[#Headers],[SHERINK SOLICITADO]],PRODUCAO_SHRINK!V:V,PLANEJAMENTO[[#This Row],[LISTA]]) -> 0 | L811: =SUMIFS(PRODUCAO_SHRINK!E:E,PRODUCAO_SHRINK!B:B,PLANEJAMENTO[[#This Row],[SKU]],PRODUCAO_SHRINK!H:H,PLANEJAMENTO[[#Headers],[SHERINK ENVIADO]],PRODUCAO_SHRINK!V:V,PLANEJAMENTO[[#This Row],[LISTA]]) -> 432 | M811: =SUMIFS(IN_TRANSITO!E:E,IN_TRANSITO!B:B,PLANEJAMENTO!C811,IN_TRANSITO!H:H,PLANEJAMENTO!$M$2,IN_TRANSITO!W:W,PLANEJAMENTO!A811) -> 329 | N811: 329 | O811: 432 | P811: =(PLANEJAMENTO[[#This Row],[AGUARDANDO SEPARAÇÃO]]+PLANEJAMENTO[[#This Row],[FINALIZADO]])-(PLANEJAMENTO[[#This Row],[TOTAL LISTA]]+PLANEJAMENTO[[#This Row],[KIT]]) -> -432 | Q811: =IFERROR(VLOOKUP(PLANEJAMENTO[[#This Row],[SKU]],EST_MERCOCAMP!A:E,5,0),0) -> 4158 | R811: =IFERROR(VLOOKUP(PLANEJAMENTO[[#This Row],[SKU]],EST_LMX!A:C,3,0),0) -> 384 | S811: =IFERROR(IF(VLOOKUP(C811,'EST_DEVINTEX X DEMANDA'!A:E,5,0)<0,0,VLOOKUP(C811,'EST_DEVINTEX X DEMANDA'!A:E,5,0)),0) -> 4800 | U811: =T811*G811 -> 0 | V811: =U811/H811 -> 0 | W811: NÃO | X811: SIM | Y811: =(PLANEJAMENTO[[#This Row],[AGUARDANDO SEPARAÇÃO]]+PLANEJAMENTO[[#This Row],[FINALIZADO]])/(PLANEJAMENTO[[#This Row],[KIT]]+PLANEJAMENTO[[#This Row],[TOTAL LISTA]]) -> 0.43232589
A812: MELI_01 | B812: MERCADO LIVRE | C812: 33095 | D812: CACHOS DOS SONHOS ÓLEO SÉRUM DEFINIÇÃO NATURAL MULTY 200ML | E812: =VLOOKUP(PLANEJAMENTO[[#This Row],[SKU]],BASE!A:B,2,0) -> A | F812: ATIVO | G812: =VLOOKUP(PLANEJAMENTO[[#This Row],[SKU]],BASE!A:D,4,0) -> 2484 | H812: =VLOOKUP(PLANEJAMENTO[[#This Row],[SKU]],BASE!A:E,5,0) -> 6 | I812: =SUMIFS(IN_TRANSITO!E:E,IN_TRANSITO!B:B,PLANEJAMENTO!C812,IN_TRANSITO!H:H,PLANEJAMENTO!$I$2,IN_TRANSITO!W:W,PLANEJAMENTO!A812) -> 558 | J812: =SUMIFS(IN_TRANSITO!E:E,IN_TRANSITO!B:B,PLANEJAMENTO!C812,IN_TRANSITO!H:H,PLANEJAMENTO!$J$2,IN_TRANSITO!W:W,PLANEJAMENTO!A812) -> 0 | K812: =SUMIFS(PRODUCAO_SHRINK!E:E,PRODUCAO_SHRINK!B:B,PLANEJAMENTO[[#This Row],[SKU]],PRODUCAO_SHRINK!H:H,PLANEJAMENTO[[#Headers],[SHERINK SOLICITADO]],PRODUCAO_SHRINK!V:V,PLANEJAMENTO[[#This Row],[LISTA]]) -> 0 | L812: =SUMIFS(PRODUCAO_SHRINK!E:E,PRODUCAO_SHRINK!B:B,PLANEJAMENTO[[#This Row],[SKU]],PRODUCAO_SHRINK!H:H,PLANEJAMENTO[[#Headers],[SHERINK ENVIADO]],PRODUCAO_SHRINK!V:V,PLANEJAMENTO[[#This Row],[LISTA]]) -> 0 | M812: =SUMIFS(IN_TRANSITO!E:E,IN_TRANSITO!B:B,PLANEJAMENTO!C812,IN_TRANSITO!H:H,PLANEJAMENTO!$M$2,IN_TRANSITO!W:W,PLANEJAMENTO!A812) -> 0 | N812: 1960 | O812: 558 | P812: =(PLANEJAMENTO[[#This Row],[AGUARDANDO SEPARAÇÃO]]+PLANEJAMENTO[[#This Row],[FINALIZADO]])-(PLANEJAMENTO[[#This Row],[TOTAL LISTA]]+PLANEJAMENTO[[#This Row],[KIT]]) -> -1960 | Q812: =IFERROR(VLOOKUP(PLANEJAMENTO[[#This Row],[SKU]],EST_MERCOCAMP!A:E,5,0),0) -> -4974 | R812: =IFERROR(VLOOKUP(PLANEJAMENTO[[#This Row],[SKU]],EST_LMX!A:C,3,0),0) -> 0 | S812: =IFERROR(IF(VLOOKUP(C812,'EST_DEVINTEX X DEMANDA'!A:E,5,0)<0,0,VLOOKUP(C812,'EST_DEVINTEX X DEMANDA'!A:E,5,0)),0) -> 11298 | U812: =T812*G812 -> 0 | V812: =U812/H812 -> 0 | W812: NÃO | X812: SIM | Y812: =(PLANEJAMENTO[[#This Row],[AGUARDANDO SEPARAÇÃO]]+PLANEJAMENTO[[#This Row],[FINALIZADO]])/(PLANEJAMENTO[[#This Row],[KIT]]+PLANEJAMENTO[[#This Row],[TOTAL LISTA]]) -> 0.22160445
A813: MELI_01 | B813: MERCADO LIVRE | C813: 33107 | D813: Gelatina #Todecacho Definicao Natural 550g Salon Line | E813: =VLOOKUP(PLANEJAMENTO[[#This Row],[SKU]],BASE!A:B,2,0) -> A | F813: ATIVO | G813: =VLOOKUP(PLANEJAMENTO[[#This Row],[SKU]],BASE!A:D,4,0) -> 960 | H813: =VLOOKUP(PLANEJAMENTO[[#This Row],[SKU]],BASE!A:E,5,0) -> 6 | I813: =SUMIFS(IN_TRANSITO!E:E,IN_TRANSITO!B:B,PLANEJAMENTO!C813,IN_TRANSITO!H:H,PLANEJAMENTO!$I$2,IN_TRANSITO!W:W,PLANEJAMENTO!A813) -> 0 | J813: =SUMIFS(IN_TRANSITO!E:E,IN_TRANSITO!B:B,PLANEJAMENTO!C813,IN_TRANSITO!H:H,PLANEJAMENTO!$J$2,IN_TRANSITO!W:W,PLANEJAMENTO!A813) -> 0 | K813: =SUMIFS(PRODUCAO_SHRINK!E:E,PRODUCAO_SHRINK!B:B,PLANEJAMENTO[[#This Row],[SKU]],PRODUCAO_SHRINK!H:H,PLANEJAMENTO[[#Headers],[SHERINK SOLICITADO]],PRODUCAO_SHRINK!V:V,PLANEJAMENTO[[#This Row],[LISTA]]) -> 1374 | L813: =SUMIFS(PRODUCAO_SHRINK!E:E,PRODUCAO_SHRINK!B:B,PLANEJAMENTO[[#This Row],[SKU]],PRODUCAO_SHRINK!H:H,PLANEJAMENTO[[#Headers],[SHERINK ENVIADO]],PRODUCAO_SHRINK!V:V,PLANEJAMENTO[[#This Row],[LISTA]]) -> 0 | M813: =SUMIFS(IN_TRANSITO!E:E,IN_TRANSITO!B:B,PLANEJAMENTO!C813,IN_TRANSITO!H:H,PLANEJAMENTO!$M$2,IN_TRANSITO!W:W,PLANEJAMENTO!A813) -> 0 | N813: 1960 | O813: 1374 | P813: =(PLANEJAMENTO[[#This Row],[AGUARDANDO SEPARAÇÃO]]+PLANEJAMENTO[[#This Row],[FINALIZADO]])-(PLANEJAMENTO[[#This Row],[TOTAL LISTA]]+PLANEJAMENTO[[#This Row],[KIT]]) -> -3334 | Q813: =IFERROR(VLOOKUP(PLANEJAMENTO[[#This Row],[SKU]],EST_MERCOCAMP!A:E,5,0),0) -> 20178 | R813: =IFERROR(VLOOKUP(PLANEJAMENTO[[#This Row],[SKU]],EST_LMX!A:C,3,0),0) -> 9174 | S813: =IFERROR(IF(VLOOKUP(C813,'EST_DEVINTEX X DEMANDA'!A:E,5,0)<0,0,VLOOKUP(C813,'EST_DEVINTEX X DEMANDA'!A:E,5,0)),0) -> 19320 | U813: =T813*G813 -> 0 | V813: =U813/H813 -> 0 | W813: SIM | X813: SIM | Y813: =(PLANEJAMENTO[[#This Row],[AGUARDANDO SEPARAÇÃO]]+PLANEJAMENTO[[#This Row],[FINALIZADO]])/(PLANEJAMENTO[[#This Row],[KIT]]+PLANEJAMENTO[[#This Row],[TOTAL LISTA]]) -> 0
A814: MELI_01 | B814: MERCADO LIVRE | C814: 32060 | D814: Creme Para Pentear Definicao Natural Salon Line Cachos 1kg | E814: =VLOOKUP(PLANEJAMENTO[[#This Row],[SKU]],BASE!A:B,2,0) -> A | F814: ATIVO | G814: =VLOOKUP(PLANEJAMENTO[[#This Row],[SKU]],BASE!A:D,4,0) -> 480 | H814: =VLOOKUP(PLANEJAMENTO[[#This Row],[SKU]],BASE!A:E,5,0) -> 6 | I814: =SUMIFS(IN_TRANSITO!E:E,IN_TRANSITO!B:B,PLANEJAMENTO!C814,IN_TRANSITO!H:H,PLANEJAMENTO!$I$2,IN_TRANSITO!W:W,PLANEJAMENTO!A814) -> 0 | J814: =SUMIFS(IN_TRANSITO!E:E,IN_TRANSITO!B:B,PLANEJAMENTO!C814,IN_TRANSITO!H:H,PLANEJAMENTO!$J$2,IN_TRANSITO!W:W,PLANEJAMENTO!A814) -> 0 | K814: =SUMIFS(PRODUCAO_SHRINK!E:E,PRODUCAO_SHRINK!B:B,PLANEJAMENTO[[#This Row],[SKU]],PRODUCAO_SHRINK!H:H,PLANEJAMENTO[[#Headers],[SHERINK SOLICITADO]],PRODUCAO_SHRINK!V:V,PLANEJAMENTO[[#This Row],[LISTA]]) -> 6414 | L814: =SUMIFS(PRODUCAO_SHRINK!E:E,PRODUCAO_SHRINK!B:B,PLANEJAMENTO[[#This Row],[SKU]],PRODUCAO_SHRINK!H:H,PLANEJAMENTO[[#Headers],[SHERINK ENVIADO]],PRODUCAO_SHRINK!V:V,PLANEJAMENTO[[#This Row],[LISTA]]) -> 0 | M814: =SUMIFS(IN_TRANSITO!E:E,IN_TRANSITO!B:B,PLANEJAMENTO!C814,IN_TRANSITO!H:H,PLANEJAMENTO!$M$2,IN_TRANSITO!W:W,PLANEJAMENTO!A814) -> 2087 | N814: 2289 | O814: 8172 | P814: =(PLANEJAMENTO[[#This Row],[AGUARDANDO SEPARAÇÃO]]+PLANEJAMENTO[[#This Row],[FINALIZADO]])-(PLANEJAMENTO[[#This Row],[TOTAL LISTA]]+PLANEJAMENTO[[#This Row],[KIT]]) -> -8374 | Q814: =IFERROR(VLOOKUP(PLANEJAMENTO[[#This Row],[SKU]],EST_MERCOCAMP!A:E,5,0),0) -> 19698 | R814: =IFERROR(VLOOKUP(PLANEJAMENTO[[#This Row],[SKU]],EST_LMX!A:C,3,0),0) -> 11174 | S814: =IFERROR(IF(VLOOKUP(C814,'EST_DEVINTEX X DEMANDA'!A:E,5,0)<0,0,VLOOKUP(C814,'EST_DEVINTEX X DEMANDA'!A:E,5,0)),0) -> 58446 | U814: =T814*G814 -> 0 | V814: =U814/H814 -> 0 | W814: SIM | X814: SIM | Y814: =(PLANEJAMENTO[[#This Row],[AGUARDANDO SEPARAÇÃO]]+PLANEJAMENTO[[#This Row],[FINALIZADO]])/(PLANEJAMENTO[[#This Row],[KIT]]+PLANEJAMENTO[[#This Row],[TOTAL LISTA]]) -> 0.19950292
A815: MELI_01 | B815: MERCADO LIVRE | C815: 32259 | D815: Salon Line Sos Cachos +Poderosos Oleo 10 Em 1 42ml | E815: =VLOOKUP(PLANEJAMENTO[[#This Row],[SKU]],BASE!A:B,2,0) -> A | F815: ATIVO | G815: =VLOOKUP(PLANEJAMENTO[[#This Row],[SKU]],BASE!A:D,4,0) -> 8544 | H815: =VLOOKUP(PLANEJAMENTO[[#This Row],[SKU]],BASE!A:E,5,0) -> 12 | I815: =SUMIFS(IN_TRANSITO!E:E,IN_TRANSITO!B:B,PLANEJAMENTO!C815,IN_TRANSITO!H:H,PLANEJAMENTO!$I$2,IN_TRANSITO!W:W,PLANEJAMENTO!A815) -> 0 | J815: =SUMIFS(IN_TRANSITO!E:E,IN_TRANSITO!B:B,PLANEJAMENTO!C815,IN_TRANSITO!H:H,PLANEJAMENTO!$J$2,IN_TRANSITO!W:W,PLANEJAMENTO!A815) -> 0 | K815: =SUMIFS(PRODUCAO_SHRINK!E:E,PRODUCAO_SHRINK!B:B,PLANEJAMENTO[[#This Row],[SKU]],PRODUCAO_SHRINK!H:H,PLANEJAMENTO[[#Headers],[SHERINK SOLICITADO]],PRODUCAO_SHRINK!V:V,PLANEJAMENTO[[#This Row],[LISTA]]) -> 0 | L815: =SUMIFS(PRODUCAO_SHRINK!E:E,PRODUCAO_SHRINK!B:B,PLANEJAMENTO[[#This Row],[SKU]],PRODUCAO_SHRINK!H:H,PLANEJAMENTO[[#Headers],[SHERINK ENVIADO]],PRODUCAO_SHRINK!V:V,PLANEJAMENTO[[#This Row],[LISTA]]) -> 0 | M815: =SUMIFS(IN_TRANSITO!E:E,IN_TRANSITO!B:B,PLANEJAMENTO!C815,IN_TRANSITO!H:H,PLANEJAMENTO!$M$2,IN_TRANSITO!W:W,PLANEJAMENTO!A815) -> 24 | N815: 0 | O815: 24 | P815: =(PLANEJAMENTO[[#This Row],[AGUARDANDO SEPARAÇÃO]]+PLANEJAMENTO[[#This Row],[FINALIZADO]])-(PLANEJAMENTO[[#This Row],[TOTAL LISTA]]+PLANEJAMENTO[[#This Row],[KIT]]) -> 0 | Q815: =IFERROR(VLOOKUP(PLANEJAMENTO[[#This Row],[SKU]],EST_MERCOCAMP!A:E,5,0),0) -> 21780 | R815: =IFERROR(VLOOKUP(PLANEJAMENTO[[#This Row],[SKU]],EST_LMX!A:C,3,0),0) -> 978 | S815: =IFERROR(IF(VLOOKUP(C815,'EST_DEVINTEX X DEMANDA'!A:E,5,0)<0,0,VLOOKUP(C815,'EST_DEVINTEX X DEMANDA'!A:E,5,0)),0) -> 24348 | U815: =T815*G815 -> 0 | V815: =U815/H815 -> 0 | W815: NÃO | X815: NÃO | Y815: =(PLANEJAMENTO[[#This Row],[AGUARDANDO SEPARAÇÃO]]+PLANEJAMENTO[[#This Row],[FINALIZADO]])/(PLANEJAMENTO[[#This Row],[KIT]]+PLANEJAMENTO[[#This Row],[TOTAL LISTA]]) -> 1
... A836: MELI_01 | B836: MERCADO LIVRE | C836: 32022 | D836: Salon Line Spray Defrizante Meu Liso Demais Protecao Termica 240ml | E836: =VLOOKUP(PLANEJAMENTO[[#This Row],[SKU]],BASE!A:B,2,0) -> B | F836: ATIVO | G836: =VLOOKUP(PLANEJAMENTO[[#This Row],[SKU]],BASE!A:D,4,0) -> 1584 | H836: =VLOOKUP(PLANEJAMENTO[[#This Row],[SKU]],BASE!A:E,5,0) -> 6 | I836: =SUMIFS(IN_TRANSITO!E:E,IN_TRANSITO!B:B,PLANEJAMENTO!C836,IN_TRANSITO!H:H,PLANEJAMENTO!$I$2,IN_TRANSITO!W:W,PLANEJAMENTO!A836) -> 0 | J836: =SUMIFS(IN_TRANSITO!E:E,IN_TRANSITO!B:B,PLANEJAMENTO!C836,IN_TRANSITO!H:H,PLANEJAMENTO!$J$2,IN_TRANSITO!W:W,PLANEJAMENTO!A836) -> 0 | K836: =SUMIFS(PRODUCAO_SHRINK!E:E,PRODUCAO_SHRINK!B:B,PLANEJAMENTO[[#This Row],[SKU]],PRODUCAO_SHRINK!H:H,PLANEJAMENTO[[#Headers],[SHERINK SOLICITADO]],PRODUCAO_SHRINK!V:V,PLANEJAMENTO[[#This Row],[LISTA]]) -> 0 | L836: =SUMIFS(PRODUCAO_SHRINK!E:E,PRODUCAO_SHRINK!B:B,PLANEJAMENTO[[#This Row],[SKU]],PRODUCAO_SHRINK!H:H,PLANEJAMENTO[[#Headers],[SHERINK ENVIADO]],PRODUCAO_SHRINK!V:V,PLANEJAMENTO[[#This Row],[LISTA]]) -> 0 | M836: =SUMIFS(IN_TRANSITO!E:E,IN_TRANSITO!B:B,PLANEJAMENTO!C836,IN_TRANSITO!H:H,PLANEJAMENTO!$M$2,IN_TRANSITO!W:W,PLANEJAMENTO!A836) -> 450 | N836: 0 | O836: 450 | P836: =(PLANEJAMENTO[[#This Row],[AGUARDANDO SEPARAÇÃO]]+PLANEJAMENTO[[#This Row],[FINALIZADO]])-(PLANEJAMENTO[[#This Row],[TOTAL LISTA]]+PLANEJAMENTO[[#This Row],[KIT]]) -> 0 | Q836: =IFERROR(VLOOKUP(PLANEJAMENTO[[#This Row],[SKU]],EST_MERCOCAMP!A:E,5,0),0) -> -384 | R836: =IFERROR(VLOOKUP(PLANEJAMENTO[[#This Row],[SKU]],EST_LMX!A:C,3,0),0) -> 1608 | S836: =IFERROR(IF(VLOOKUP(C836,'EST_DEVINTEX X DEMANDA'!A:E,5,0)<0,0,VLOOKUP(C836,'EST_DEVINTEX X DEMANDA'!A:E,5,0)),0) -> 16182 | U836: =T836*G836 -> 0 | V836: =U836/H836 -> 0 | W836: NÃO | X836: NÃO | Y836: =(PLANEJAMENTO[[#This Row],[AGUARDANDO SEPARAÇÃO]]+PLANEJAMENTO[[#This Row],[FINALIZADO]])/(PLANEJAMENTO[[#This Row],[KIT]]+PLANEJAMENTO[[#This Row],[TOTAL LISTA]]) -> 1
A837: MELI_01 | B837: MERCADO LIVRE | C837: 33452 | D837: Kit Shampoo 300ml + Creme Multifuncional Definicao Natural | E837: =VLOOKUP(PLANEJAMENTO[[#This Row],[SKU]],BASE!A:B,2,0) -> A | F837: ATIVO | G837: 504 | H837: =VLOOKUP(PLANEJAMENTO[[#This Row],[SKU]],BASE!A:E,5,0) -> 6 | I837: =SUMIFS(IN_TRANSITO!E:E,IN_TRANSITO!B:B,PLANEJAMENTO!C837,IN_TRANSITO!H:H,PLANEJAMENTO!$I$2,IN_TRANSITO!W:W,PLANEJAMENTO!A837) -> 0 | J837: =SUMIFS(IN_TRANSITO!E:E,IN_TRANSITO!B:B,PLANEJAMENTO!C837,IN_TRANSITO!H:H,PLANEJAMENTO!$J$2,IN_TRANSITO!W:W,PLANEJAMENTO!A837) -> 0 | K837: =SUMIFS(PRODUCAO_SHRINK!E:E,PRODUCAO_SHRINK!B:B,PLANEJAMENTO[[#This Row],[SKU]],PRODUCAO_SHRINK!H:H,PLANEJAMENTO[[#Headers],[SHERINK SOLICITADO]],PRODUCAO_SHRINK!V:V,PLANEJAMENTO[[#This Row],[LISTA]]) -> 0 | L837: =SUMIFS(PRODUCAO_SHRINK!E:E,PRODUCAO_SHRINK!B:B,PLANEJAMENTO[[#This Row],[SKU]],PRODUCAO_SHRINK!H:H,PLANEJAMENTO[[#Headers],[SHERINK ENVIADO]],PRODUCAO_SHRINK!V:V,PLANEJAMENTO[[#This Row],[LISTA]]) -> 0 | M837: =SUMIFS(IN_TRANSITO!E:E,IN_TRANSITO!B:B,PLANEJAMENTO!C837,IN_TRANSITO!H:H,PLANEJAMENTO!$M$2,IN_TRANSITO!W:W,PLANEJAMENTO!A837) -> 504 | N837: 0 | O837: 504 | P837: =(PLANEJAMENTO[[#This Row],[AGUARDANDO SEPARAÇÃO]]+PLANEJAMENTO[[#This Row],[FINALIZADO]])-(PLANEJAMENTO[[#This Row],[TOTAL LISTA]]+PLANEJAMENTO[[#This Row],[KIT]]) -> 0 | Q837: =IFERROR(VLOOKUP(PLANEJAMENTO[[#This Row],[SKU]],EST_MERCOCAMP!A:E,5,0),0) -> 162 | R837: =IFERROR(VLOOKUP(PLANEJAMENTO[[#This Row],[SKU]],EST_LMX!A:C,3,0),0) -> 118 | S837: =IFERROR(IF(VLOOKUP(C837,'EST_DEVINTEX X DEMANDA'!A:E,5,0)<0,0,VLOOKUP(C837,'EST_DEVINTEX X DEMANDA'!A:E,5,0)),0) -> 6300 | U837: =T837*G837 -> 0 | V837: =U837/H837 -> 0 | W837: NÃO | X837: NÃO | Y837: =(PLANEJAMENTO[[#This Row],[AGUARDANDO SEPARAÇÃO]]+PLANEJAMENTO[[#This Row],[FINALIZADO]])/(PLANEJAMENTO[[#This Row],[KIT]]+PLANEJAMENTO[[#This Row],[TOTAL LISTA]]) -> 1
A838: MELI_01 | B838: MERCADO LIVRE | C838: 30851 | D838: Mascara Matizadora To De Cacho Marsala Roxo Salon Line 500g | E838: =VLOOKUP(PLANEJAMENTO[[#This Row],[SKU]],BASE!A:B,2,0) -> A | F838: ATIVO | G838: =VLOOKUP(PLANEJAMENTO[[#This Row],[SKU]],BASE!A:D,4,0) -> 960 | H838: =VLOOKUP(PLANEJAMENTO[[#This Row],[SKU]],BASE!A:E,5,0) -> 6 | I838: =SUMIFS(IN_TRANSITO!E:E,IN_TRANSITO!B:B,PLANEJAMENTO!C838,IN_TRANSITO!H:H,PLANEJAMENTO!$I$2,IN_TRANSITO!W:W,PLANEJAMENTO!A838) -> 0 | J838: =SUMIFS(IN_TRANSITO!E:E,IN_TRANSITO!B:B,PLANEJAMENTO!C838,IN_TRANSITO!H:H,PLANEJAMENTO!$J$2,IN_TRANSITO!W:W,PLANEJAMENTO!A838) -> 0 | K838: =SUMIFS(PRODUCAO_SHRINK!E:E,PRODUCAO_SHRINK!B:B,PLANEJAMENTO[[#This Row],[SKU]],PRODUCAO_SHRINK!H:H,PLANEJAMENTO[[#Headers],[SHERINK SOLICITADO]],PRODUCAO_SHRINK!V:V,PLANEJAMENTO[[#This Row],[LISTA]]) -> 606 | L838: =SUMIFS(PRODUCAO_SHRINK!E:E,PRODUCAO_SHRINK!B:B,PLANEJAMENTO[[#This Row],[SKU]],PRODUCAO_SHRINK!H:H,PLANEJAMENTO[[#Headers],[SHERINK ENVIADO]],PRODUCAO_SHRINK!V:V,PLANEJAMENTO[[#This Row],[LISTA]]) -> 0 | M838: =SUMIFS(IN_TRANSITO!E:E,IN_TRANSITO!B:B,PLANEJAMENTO!C838,IN_TRANSITO!H:H,PLANEJAMENTO!$M$2,IN_TRANSITO!W:W,PLANEJAMENTO!A838) -> 0 | N838: 0 | O838: 606 | P838: =(PLANEJAMENTO[[#This Row],[AGUARDANDO SEPARAÇÃO]]+PLANEJAMENTO[[#This Row],[FINALIZADO]])-(PLANEJAMENTO[[#This Row],[TOTAL LISTA]]+PLANEJAMENTO[[#This Row],[KIT]]) -> -606 | Q838: =IFERROR(VLOOKUP(PLANEJAMENTO[[#This Row],[SKU]],EST_MERCOCAMP!A:E,5,0),0) -> -432 | R838: =IFERROR(VLOOKUP(PLANEJAMENTO[[#This Row],[SKU]],EST_LMX!A:C,3,0),0) -> 1328 | S838: =IFERROR(IF(VLOOKUP(C838,'EST_DEVINTEX X DEMANDA'!A:E,5,0)<0,0,VLOOKUP(C838,'EST_DEVINTEX X DEMANDA'!A:E,5,0)),0) -> 0 | U838: =T838*G838 -> 0 | V838: =U838/H838 -> 0 | W838: SIM | X838: NÃO | Y838: =(PLANEJAMENTO[[#This Row],[AGUARDANDO SEPARAÇÃO]]+PLANEJAMENTO[[#This Row],[FINALIZADO]])/(PLANEJAMENTO[[#This Row],[KIT]]+PLANEJAMENTO[[#This Row],[TOTAL LISTA]]) -> 0
A839: MELI_01 | B839: MERCADO LIVRE | C839: 95675 | D839: Kit Shampoo+Condicionador Sos Bomba Original Salonline 200ml | E839: =VLOOKUP(PLANEJAMENTO[[#This Row],[SKU]],BASE!A:B,2,0) -> A | F839: ATIVO | G839: =VLOOKUP(PLANEJAMENTO[[#This Row],[SKU]],BASE!A:D,4,0) -> 960 | H839: =VLOOKUP(PLANEJAMENTO[[#This Row],[SKU]],BASE!A:E,5,0) -> 6 | I839: =SUMIFS(IN_TRANSITO!E:E,IN_TRANSITO!B:B,PLANEJAMENTO!C839,IN_TRANSITO!H:H,PLANEJAMENTO!$I$2,IN_TRANSITO!W:W,PLANEJAMENTO!A839) -> 780 | J839: =SUMIFS(IN_TRANSITO!E:E,IN_TRANSITO!B:B,PLANEJAMENTO!C839,IN_TRANSITO!H:H,PLANEJAMENTO!$J$2,IN_TRANSITO!W:W,PLANEJAMENTO!A839) -> 0 | K839: =SUMIFS(PRODUCAO_SHRINK!E:E,PRODUCAO_SHRINK!B:B,PLANEJAMENTO[[#This Row],[SKU]],PRODUCAO_SHRINK!H:H,PLANEJAMENTO[[#Headers],[SHERINK SOLICITADO]],PRODUCAO_SHRINK!V:V,PLANEJAMENTO[[#This Row],[LISTA]]) -> 0 | L839: =SUMIFS(PRODUCAO_SHRINK!E:E,PRODUCAO_SHRINK!B:B,PLANEJAMENTO[[#This Row],[SKU]],PRODUCAO_SHRINK!H:H,PLANEJAMENTO[[#Headers],[SHERINK ENVIADO]],PRODUCAO_SHRINK!V:V,PLANEJAMENTO[[#This Row],[LISTA]]) -> 0 | M839: =SUMIFS(IN_TRANSITO!E:E,IN_TRANSITO!B:B,PLANEJAMENTO!C839,IN_TRANSITO!H:H,PLANEJAMENTO!$M$2,IN_TRANSITO!W:W,PLANEJAMENTO!A839) -> 0 | N839: 0 | O839: 780 | P839: =(PLANEJAMENTO[[#This Row],[AGUARDANDO SEPARAÇÃO]]+PLANEJAMENTO[[#This Row],[FINALIZADO]])-(PLANEJAMENTO[[#This Row],[TOTAL LISTA]]+PLANEJAMENTO[[#This Row],[KIT]]) -> 0 | Q839: =IFERROR(VLOOKUP(PLANEJAMENTO[[#This Row],[SKU]],EST_MERCOCAMP!A:E,5,0),0) -> 2028 | R839: =IFERROR(VLOOKUP(PLANEJAMENTO[[#This Row],[SKU]],EST_LMX!A:C,3,0),0) -> 0 | S839: =IFERROR(IF(VLOOKUP(C839,'EST_DEVINTEX X DEMANDA'!A:E,5,0)<0,0,VLOOKUP(C839,'EST_DEVINTEX X DEMANDA'!A:E,5,0)),0) -> 1680 | U839: =T839*G839 -> 0 | V839: =U839/H839 -> 0 | W839: NÃO | X839: NÃO | Y839: =(PLANEJAMENTO[[#This Row],[AGUARDANDO SEPARAÇÃO]]+PLANEJAMENTO[[#This Row],[FINALIZADO]])/(PLANEJAMENTO[[#This Row],[KIT]]+PLANEJAMENTO[[#This Row],[TOTAL LISTA]]) -> 1
A840: MELI_01 | B840: MERCADO LIVRE | C840: 32035 | D840: Mascara Matizadora Vermelho Cereja 300g Todecacho Salon Line | E840: =VLOOKUP(PLANEJAMENTO[[#This Row],[SKU]],BASE!A:B,2,0) -> A | F840: ATIVO | G840: =VLOOKUP(PLANEJAMENTO[[#This Row],[SKU]],BASE!A:D,4,0) -> 1452 | H840: =VLOOKUP(PLANEJAMENTO[[#This Row],[SKU]],BASE!A:E,5,0) -> 6 | I840: =SUMIFS(IN_TRANSITO!E:E,IN_TRANSITO!B:B,PLANEJAMENTO!C840,IN_TRANSITO!H:H,PLANEJAMENTO!$I$2,IN_TRANSITO!W:W,PLANEJAMENTO!A840) -> 0 | J840: =SUMIFS(IN_TRANSITO!E:E,IN_TRANSITO!B:B,PLANEJAMENTO!C840,IN_TRANSITO!H:H,PLANEJAMENTO!$J$2,IN_TRANSITO!W:W,PLANEJAMENTO!A840) -> 0 | K840: =SUMIFS(PRODUCAO_SHRINK!E:E,PRODUCAO_SHRINK!B:B,PLANEJAMENTO[[#This Row],[SKU]],PRODUCAO_SHRINK!H:H,PLANEJAMENTO[[#Headers],[SHERINK SOLICITADO]],PRODUCAO_SHRINK!V:V,PLANEJAMENTO[[#This Row],[LISTA]]) -> 0 | L840: =SUMIFS(PRODUCAO_SHRINK!E:E,PRODUCAO_SHRINK!B:B,PLANEJAMENTO[[#This Row],[SKU]],PRODUCAO_SHRINK!H:H,PLANEJAMENTO[[#Headers],[SHERINK ENVIADO]],PRODUCAO_SHRINK!V:V,PLANEJAMENTO[[#This Row],[LISTA]]) -> 0 | M840: =SUMIFS(IN_TRANSITO!E:E,IN_TRANSITO!B:B,PLANEJAMENTO!C840,IN_TRANSITO!H:H,PLANEJAMENTO!$M$2,IN_TRANSITO!W:W,PLANEJAMENTO!A840) -> 972 | N840: 0 | O840: 972 | P840: =(PLANEJAMENTO[[#This Row],[AGUARDANDO SEPARAÇÃO]]+PLANEJAMENTO[[#This Row],[FINALIZADO]])-(PLANEJAMENTO[[#This Row],[TOTAL LISTA]]+PLANEJAMENTO[[#This Row],[KIT]]) -> 0 | Q840: =IFERROR(VLOOKUP(PLANEJAMENTO[[#This Row],[SKU]],EST_MERCOCAMP!A:E,5,0),0) -> -8586 | R840: =IFERROR(VLOOKUP(PLANEJAMENTO[[#This Row],[SKU]],EST_LMX!A:C,3,0),0) -> 438 | S840: =IFERROR(IF(VLOOKUP(C840,'EST_DEVINTEX X DEMANDA'!A:E,5,0)<0,0,VLOOKUP(C840,'EST_DEVINTEX X DEMANDA'!A:E,5,0)),0) -> 13662 | U840: =T840*G840 -> 0 | V840: =U840/H840 -> 0 | W840: NÃO | X840: NÃO | Y840: =(PLANEJAMENTO[[#This Row],[AGUARDANDO SEPARAÇÃO]]+PLANEJAMENTO[[#This Row],[FINALIZADO]])/(PLANEJAMENTO[[#This Row],[KIT]]+PLANEJAMENTO[[#This Row],[TOTAL LISTA]]) -> 1
A841: MELI_01 | B841: MERCADO LIVRE | C841: 30514 | D841: Mascara Meu Liso Matizador Preto Salon Line 300g | E841: =VLOOKUP(PLANEJAMENTO[[#This Row],[SKU]],BASE!A:B,2,0) -> A | F841: ATIVO | G841: =VLOOKUP(PLANEJAMENTO[[#This Row],[SKU]],BASE!A:D,4,0) -> 960 | H841: =VLOOKUP(PLANEJAMENTO[[#This Row],[SKU]],BASE!A:E,5,0) -> 6 | I841: =SUMIFS(IN_TRANSITO!E:E,IN_TRANSITO!B:B,PLANEJAMENTO!C841,IN_TRANSITO!H:H,PLANEJAMENTO!$I$2,IN_TRANSITO!W:W,PLANEJAMENTO!A841) -> 0 | J841: =SUMIFS(IN_TRANSITO!E:E,IN_TRANSITO!B:B,PLANEJAMENTO!C841,IN_TRANSITO!H:H,PLANEJAMENTO!$J$2,IN_TRANSITO!W:W,PLANEJAMENTO!A841) -> 0 | K841: =SUMIFS(PRODUCAO_SHRINK!E:E,PRODUCAO_SHRINK!B:B,PLANEJAMENTO[[#This Row],[SKU]],PRODUCAO_SHRINK!H:H,PLANEJAMENTO[[#Headers],[SHERINK SOLICITADO]],PRODUCAO_SHRINK!V:V,PLANEJAMENTO[[#This Row],[LISTA]]) -> 0 | L841: =SUMIFS(PRODUCAO_SHRINK!E:E,PRODUCAO_SHRINK!B:B,PLANEJAMENTO[[#This Row],[SKU]],PRODUCAO_SHRINK!H:H,PLANEJAMENTO[[#Headers],[SHERINK ENVIADO]],PRODUCAO_SHRINK!V:V,PLANEJAMENTO[[#This Row],[LISTA]]) -> 0 | M841: =SUMIFS(IN_TRANSITO!E:E,IN_TRANSITO!B:B,PLANEJAMENTO!C841,IN_TRANSITO!H:H,PLANEJAMENTO!$M$2,IN_TRANSITO!W:W,PLANEJAMENTO!A841) -> 996 | N841: 0 | O841: 996 | P841: =(PLANEJAMENTO[[#This Row],[AGUARDANDO SEPARAÇÃO]]+PLANEJAMENTO[[#This Row],[FINALIZADO]])-(PLANEJAMENTO[[#This Row],[TOTAL LISTA]]+PLANEJAMENTO[[#This Row],[KIT]]) -> 0 | Q841: =IFERROR(VLOOKUP(PLANEJAMENTO[[#This Row],[SKU]],EST_MERCOCAMP!A:E,5,0),0) -> -2724 | R841: =IFERROR(VLOOKUP(PLANEJAMENTO[[#This Row],[SKU]],EST_LMX!A:C,3,0),0) -> 2382 | S841: =IFERROR(IF(VLOOKUP(C841,'EST_DEVINTEX X DEMANDA'!A:E,5,0)<0,0,VLOOKUP(C841,'EST_DEVINTEX X DEMANDA'!A:E,5,0)),0) -> 13524 | U841: =T841*G841 -> 0 | V841: =U841/H841 -> 0 | W841: NÃO | X841: NÃO | Y841: =(PLANEJAMENTO[[#This Row],[AGUARDANDO SEPARAÇÃO]]+PLANEJAMENTO[[#This Row],[FINALIZADO]])/(PLANEJAMENTO[[#This Row],[KIT]]+PLANEJAMENTO[[#This Row],[TOTAL LISTA]]) -> 1
A842: MELI_01 | B842: MERCADO LIVRE | C842: 34936 | D842: Mascara Hidratacao Cabelo S.O.S Ultra Cachos Salon Line 1kg | E842: =VLOOKUP(PLANEJAMENTO[[#This Row],[SKU]],BASE!A:B,2,0) -> B | F842: ATIVO | G842: =VLOOKUP(PLANEJAMENTO[[#This Row],[SKU]],BASE!A:D,4,0) -> 480 | H842: =VLOOKUP(PLANEJAMENTO[[#This Row],[SKU]],BASE!A:E,5,0) -> 6 | I842: =SUMIFS(IN_TRANSITO!E:E,IN_TRANSITO!B:B,PLANEJAMENTO!C842,IN_TRANSITO!H:H,PLANEJAMENTO!$I$2,IN_TRANSITO!W:W,PLANEJAMENTO!A842) -> 0 | J842: =SUMIFS(IN_TRANSITO!E:E,IN_TRANSITO!B:B,PLANEJAMENTO!C842,IN_TRANSITO!H:H,PLANEJAMENTO!$J$2,IN_TRANSITO!W:W,PLANEJAMENTO!A842) -> 0 | K842: =SUMIFS(PRODUCAO_SHRINK!E:E,PRODUCAO_SHRINK!B:B,PLANEJAMENTO[[#This Row],[SKU]],PRODUCAO_SHRINK!H:H,PLANEJAMENTO[[#Headers],[SHERINK SOLICITADO]],PRODUCAO_SHRINK!V:V,PLANEJAMENTO[[#This Row],[LISTA]]) -> 642 | L842: =SUMIFS(PRODUCAO_SHRINK!E:E,PRODUCAO_SHRINK!B:B,PLANEJAMENTO[[#This Row],[SKU]],PRODUCAO_SHRINK!H:H,PLANEJAMENTO[[#Headers],[SHERINK ENVIADO]],PRODUCAO_SHRINK!V:V,PLANEJAMENTO[[#This Row],[LISTA]]) -> 0 | M842: =SUMIFS(IN_TRANSITO!E:E,IN_TRANSITO!B:B,PLANEJAMENTO!C842,IN_TRANSITO!H:H,PLANEJAMENTO!$M$2,IN_TRANSITO!W:W,PLANEJAMENTO!A842) -> 480 | N842: 0 | O842: 1122 | P842: =(PLANEJAMENTO[[#This Row],[AGUARDANDO SEPARAÇÃO]]+PLANEJAMENTO[[#This Row],[FINALIZADO]])-(PLANEJAMENTO[[#This Row],[TOTAL LISTA]]+PLANEJAMENTO[[#This Row],[KIT]]) -> -642 | Q842: =IFERROR(VLOOKUP(PLANEJAMENTO[[#This Row],[SKU]],EST_MERCOCAMP!A:E,5,0),0) -> -906 | R842: =IFERROR(VLOOKUP(PLANEJAMENTO[[#This Row],[SKU]],EST_LMX!A:C,3,0),0) -> 480 | S842: =IFERROR(IF(VLOOKUP(C842,'EST_DEVINTEX X DEMANDA'!A:E,5,0)<0,0,VLOOKUP(C842,'EST_DEVINTEX X DEMANDA'!A:E,5,0)),0) -> 0 | U842: =T842*G842 -> 0 | V842: =U842/H842 -> 0 | W842: SIM | X842: NÃO | Y842: =(PLANEJAMENTO[[#This Row],[AGUARDANDO SEPARAÇÃO]]+PLANEJAMENTO[[#This Row],[FINALIZADO]])/(PLANEJAMENTO[[#This Row],[KIT]]+PLANEJAMENTO[[#This Row],[TOTAL LISTA]]) -> 0.42780749
A843: MELI_01 | B843: MERCADO LIVRE | C843: 34451 | D843: Creme Relaxante Cachos Definidos Coco E Avela Salon Line | E843: =VLOOKUP(PLANEJAMENTO[[#This Row],[SKU]],BASE!A:B,2,0) -> A | F843: ATIVO | G843: =VLOOKUP(PLANEJAMENTO[[#This Row],[SKU]],BASE!A:D,4,0) -> 720 | H843: =VLOOKUP(PLANEJAMENTO[[#This Row],[SKU]],BASE!A:E,5,0) -> 6 | I843: =SUMIFS(IN_TRANSITO!E:E,IN_TRANSITO!B:B,PLANEJAMENTO!C843,IN_TRANSITO!H:H,PLANEJAMENTO!$I$2,IN_TRANSITO!W:W,PLANEJAMENTO!A843) -> 720 | J843: =SUMIFS(IN_TRANSITO!E:E,IN_TRANSITO!B:B,PLANEJAMENTO!C843,IN_TRANSITO!H:H,PLANEJAMENTO!$J$2,IN_TRANSITO!W:W,PLANEJAMENTO!A843) -> 0 | K843: =SUMIFS(PRODUCAO_SHRINK!E:E,PRODUCAO_SHRINK!B:B,PLANEJAMENTO[[#This Row],[SKU]],PRODUCAO_SHRINK!H:H,PLANEJAMENTO[[#Headers],[SHERINK SOLICITADO]],PRODUCAO_SHRINK!V:V,PLANEJAMENTO[[#This Row],[LISTA]]) -> 0 | L843: =SUMIFS(PRODUCAO_SHRINK!E:E,PRODUCAO_SHRINK!B:B,PLANEJAMENTO[[#This Row],[SKU]],PRODUCAO_SHRINK!H:H,PLANEJAMENTO[[#Headers],[SHERINK ENVIADO]],PRODUCAO_SHRINK!V:V,PLANEJAMENTO[[#This Row],[LISTA]]) -> 0 | M843: =SUMIFS(IN_TRANSITO!E:E,IN_TRANSITO!B:B,PLANEJAMENTO!C843,IN_TRANSITO!H:H,PLANEJAMENTO!$M$2,IN_TRANSITO!W:W,PLANEJAMENTO!A843) -> 660 | N843: 0 | O843: 1380 | P843: =(PLANEJAMENTO[[#This Row],[AGUARDANDO SEPARAÇÃO]]+PLANEJAMENTO[[#This Row],[FINALIZADO]])-(PLANEJAMENTO[[#This Row],[TOTAL LISTA]]+PLANEJAMENTO[[#This Row],[KIT]]) -> 0 | Q843: =IFERROR(VLOOKUP(PLANEJAMENTO[[#This Row],[SKU]],EST_MERCOCAMP!A:E,5,0),0) -> -5526 | R843: =IFERROR(VLOOKUP(PLANEJAMENTO[[#This Row],[SKU]],EST_LMX!A:C,3,0),0) -> 3240 | S843: =IFERROR(IF(VLOOKUP(C843,'EST_DEVINTEX X DEMANDA'!A:E,5,0)<0,0,VLOOKUP(C843,'EST_DEVINTEX X DEMANDA'!A:E,5,0)),0) -> 0 | U843: =T843*G843 -> 0 | V843: =U843/H843 -> 0 | W843: NÃO | X843: NÃO | Y843: =(PLANEJAMENTO[[#This Row],[AGUARDANDO SEPARAÇÃO]]+PLANEJAMENTO[[#This Row],[FINALIZADO]])/(PLANEJAMENTO[[#This Row],[KIT]]+PLANEJAMENTO[[#This Row],[TOTAL LISTA]]) -> 1
A844: MELI_01 | B844: MERCADO LIVRE | C844: 32247 | D844: Creme De Pentear Definicao Extraordinaria 1kg Salon Line | E844: =VLOOKUP(PLANEJAMENTO[[#This Row],[SKU]],BASE!A:B,2,0) -> A | F844: ATIVO | G844: =VLOOKUP(PLANEJAMENTO[[#This Row],[SKU]],BASE!A:D,4,0) -> 480 | H844: =VLOOKUP(PLANEJAMENTO[[#This Row],[SKU]],BASE!A:E,5,0) -> 6 | I844: =SUMIFS(IN_TRANSITO!E:E,IN_TRANSITO!B:B,PLANEJAMENTO!C844,IN_TRANSITO!H:H,PLANEJAMENTO!$I$2,IN_TRANSITO!W:W,PLANEJAMENTO!A844) -> 0 | J844: =SUMIFS(IN_TRANSITO!E:E,IN_TRANSITO!B:B,PLANEJAMENTO!C844,IN_TRANSITO!H:H,PLANEJAMENTO!$J$2,IN_TRANSITO!W:W,PLANEJAMENTO!A844) -> 0 | K844: =SUMIFS(PRODUCAO_SHRINK!E:E,PRODUCAO_SHRINK!B:B,PLANEJAMENTO[[#This Row],[SKU]],PRODUCAO_SHRINK!H:H,PLANEJAMENTO[[#Headers],[SHERINK SOLICITADO]],PRODUCAO_SHRINK!V:V,PLANEJAMENTO[[#This Row],[LISTA]]) -> 1470 | L844: =SUMIFS(PRODUCAO_SHRINK!E:E,PRODUCAO_SHRINK!B:B,PLANEJAMENTO[[#This Row],[SKU]],PRODUCAO_SHRINK!H:H,PLANEJAMENTO[[#Headers],[SHERINK ENVIADO]],PRODUCAO_SHRINK!V:V,PLANEJAMENTO[[#This Row],[LISTA]]) -> 0 | M844: =SUMIFS(IN_TRANSITO!E:E,IN_TRANSITO!B:B,PLANEJAMENTO!C844,IN_TRANSITO!H:H,PLANEJAMENTO!$M$2,IN_TRANSITO!W:W,PLANEJAMENTO!A844) -> 0 | N844: 0 | O844: 1470 | P844: =(PLANEJAMENTO[[#This Row],[AGUARDANDO SEPARAÇÃO]]+PLANEJAMENTO[[#This Row],[FINALIZADO]])-(PLANEJAMENTO[[#This Row],[TOTAL LISTA]]+PLANEJAMENTO[[#This Row],[KIT]]) -> -1470 | Q844: =IFERROR(VLOOKUP(PLANEJAMENTO[[#This Row],[SKU]],EST_MERCOCAMP!A:E,5,0),0) -> -1728 | R844: =IFERROR(VLOOKUP(PLANEJAMENTO[[#This Row],[SKU]],EST_LMX!A:C,3,0),0) -> 3555 | S844: =IFERROR(IF(VLOOKUP(C844,'EST_DEVINTEX X DEMANDA'!A:E,5,0)<0,0,VLOOKUP(C844,'EST_DEVINTEX X DEMANDA'!A:E,5,0)),0) -> 12048 | U844: =T844*G844 -> 0 | V844: =U844/H844 -> 0 | W844: SIM | X844: NÃO | Y844: =(PLANEJAMENTO[[#This Row],[AGUARDANDO SEPARAÇÃO]]+PLANEJAMENTO[[#This Row],[FINALIZADO]])/(PLANEJAMENTO[[#This Row],[KIT]]+PLANEJAMENTO[[#This Row],[TOTAL LISTA]]) -> 0
A845: MELI_01 | B845: MERCADO LIVRE | C845: 33271 | D845: Creme Para Pentear Cachos Ostentacao 1kg | E845: =VLOOKUP(PLANEJAMENTO[[#This Row],[SKU]],BASE!A:B,2,0) -> A | F845: ATIVO | G845: =VLOOKUP(PLANEJAMENTO[[#This Row],[SKU]],BASE!A:D,4,0) -> 480 | H845: =VLOOKUP(PLANEJAMENTO[[#This Row],[SKU]],BASE!A:E,5,0) -> 6 | I845: =SUMIFS(IN_TRANSITO!E:E,IN_TRANSITO!B:B,PLANEJAMENTO!C845,IN_TRANSITO!H:H,PLANEJAMENTO!$I$2,IN_TRANSITO!W:W,PLANEJAMENTO!A845) -> 0 | J845: =SUMIFS(IN_TRANSITO!E:E,IN_TRANSITO!B:B,PLANEJAMENTO!C845,IN_TRANSITO!H:H,PLANEJAMENTO!$J$2,IN_TRANSITO!W:W,PLANEJAMENTO!A845) -> 0 | K845: =SUMIFS(PRODUCAO_SHRINK!E:E,PRODUCAO_SHRINK!B:B,PLANEJAMENTO[[#This Row],[SKU]],PRODUCAO_SHRINK!H:H,PLANEJAMENTO[[#Headers],[SHERINK SOLICITADO]],PRODUCAO_SHRINK!V:V,PLANEJAMENTO[[#This Row],[LISTA]]) -> 1050 | L845: =SUMIFS(PRODUCAO_SHRINK!E:E,PRODUCAO_SHRINK!B:B,PLANEJAMENTO[[#This Row],[SKU]],PRODUCAO_SHRINK!H:H,PLANEJAMENTO[[#Headers],[SHERINK ENVIADO]],PRODUCAO_SHRINK!V:V,PLANEJAMENTO[[#This Row],[LISTA]]) -> 0 | M845: =SUMIFS(IN_TRANSITO!E:E,IN_TRANSITO!B:B,PLANEJAMENTO!C845,IN_TRANSITO!H:H,PLANEJAMENTO!$M$2,IN_TRANSITO!W:W,PLANEJAMENTO!A845) -> 480 | N845: 0 | O845: 1530 | P845: =(PLANEJAMENTO[[#This Row],[AGUARDANDO SEPARAÇÃO]]+PLANEJAMENTO[[#This Row],[FINALIZADO]])-(PLANEJAMENTO[[#This Row],[TOTAL LISTA]]+PLANEJAMENTO[[#This Row],[KIT]]) -> -1050 | Q845: =IFERROR(VLOOKUP(PLANEJAMENTO[[#This Row],[SKU]],EST_MERCOCAMP!A:E,5,0),0) -> 16488 | R845: =IFERROR(VLOOKUP(PLANEJAMENTO[[#This Row],[SKU]],EST_LMX!A:C,3,0),0) -> 8148 | S845: =IFERROR(IF(VLOOKUP(C845,'EST_DEVINTEX X DEMANDA'!A:E,5,0)<0,0,VLOOKUP(C845,'EST_DEVINTEX X DEMANDA'!A:E,5,0)),0) -> 8244 | U845: =T845*G845 -> 0 | V845: =U845/H845 -> 0 | W845: SIM | X845: NÃO | Y845: =(PLANEJAMENTO[[#This Row],[AGUARDANDO SEPARAÇÃO]]+PLANEJAMENTO[[#This Row],[FINALIZADO]])/(PLANEJAMENTO[[#This Row],[KIT]]+PLANEJAMENTO[[#This Row],[TOTAL LISTA]]) -> 0.31372549
A846: MELI_01 | B846: MERCADO LIVRE | C846: 30681 | D846: Spray Defrizante Protetor Termico Salon Line Meu Liso Hialuronico 240ml | E846: =VLOOKUP(PLANEJAMENTO[[#This Row],[SKU]],BASE!A:B,2,0) -> C | F846: ATIVO | G846: =VLOOKUP(PLANEJAMENTO[[#This Row],[SKU]],BASE!A:D,4,0) -> 1584 | H846: =VLOOKUP(PLANEJAMENTO[[#This Row],[SKU]],BASE!A:E,5,0) -> 6 | I846: =SUMIFS(IN_TRANSITO!E:E,IN_TRANSITO!B:B,PLANEJAMENTO!C846,IN_TRANSITO!H:H,PLANEJAMENTO!$I$2,IN_TRANSITO!W:W,PLANEJAMENTO!A846) -> 0 | J846: =SUMIFS(IN_TRANSITO!E:E,IN_TRANSITO!B:B,PLANEJAMENTO!C846,IN_TRANSITO!H:H,PLANEJAMENTO!$J$2,IN_TRANSITO!W:W,PLANEJAMENTO!A846) -> 0 | K846: =SUMIFS(PRODUCAO_SHRINK!E:E,PRODUCAO_SHRINK!B:B,PLANEJAMENTO[[#This Row],[SKU]],PRODUCAO_SHRINK!H:H,PLANEJAMENTO[[#Headers],[SHERINK SOLICITADO]],PRODUCAO_SHRINK!V:V,PLANEJAMENTO[[#This Row],[LISTA]]) -> 0 | L846: =SUMIFS(PRODUCAO_SHRINK!E:E,PRODUCAO_SHRINK!B:B,PLANEJAMENTO[[#This Row],[SKU]],PRODUCAO_SHRINK!H:H,PLANEJAMENTO[[#Headers],[SHERINK ENVIADO]],PRODUCAO_SHRINK!V:V,PLANEJAMENTO[[#This Row],[LISTA]]) -> 0 | M846: =SUMIFS(IN_TRANSITO!E:E,IN_TRANSITO!B:B,PLANEJAMENTO!C846,IN_TRANSITO!H:H,PLANEJAMENTO!$M$2,IN_TRANSITO!W:W,PLANEJAMENTO!A846) -> 1242 | N846: 0 | O846: 2826 | P846: =(PLANEJAMENTO[[#This Row],[AGUARDANDO SEPARAÇÃO]]+PLANEJAMENTO[[#This Row],[FINALIZADO]])-(PLANEJAMENTO[[#This Row],[TOTAL LISTA]]+PLANEJAMENTO[[#This Row],[KIT]]) -> -1584 | Q846: =IFERROR(VLOOKUP(PLANEJAMENTO[[#This Row],[SKU]],EST_MERCOCAMP!A:E,5,0),0) -> -750 | R846: =IFERROR(VLOOKUP(PLANEJAMENTO[[#This Row],[SKU]],EST_LMX!A:C,3,0),0) -> 150 | S846: =IFERROR(IF(VLOOKUP(C846,'EST_DEVINTEX X DEMANDA'!A:E,5,0)<0,0,VLOOKUP(C846,'EST_DEVINTEX X DEMANDA'!A:E,5,0)),0) -> 9114 | U846: =T846*G846 -> 0 | V846: =U846/H846 -> 0 | W846: NÃO | X846: NÃO | Y846: =(PLANEJAMENTO[[#This Row],[AGUARDANDO SEPARAÇÃO]]+PLANEJAMENTO[[#This Row],[FINALIZADO]])/(PLANEJAMENTO[[#This Row],[KIT]]+PLANEJAMENTO[[#This Row],[TOTAL LISTA]]) -> 0.43949045
A847: MELI_01 | B847: MERCADO LIVRE | C847: 95679 | D847: Gelatina #Todecacho Super Definicao Salon Line 1 Kg | E847: =VLOOKUP(PLANEJAMENTO[[#This Row],[SKU]],BASE!A:B,2,0) -> A | F847: ATIVO | G847: =VLOOKUP(PLANEJAMENTO[[#This Row],[SKU]],BASE!A:D,4,0) -> 480 | H847: =VLOOKUP(PLANEJAMENTO[[#This Row],[SKU]],BASE!A:E,5,0) -> 6 | I847: =SUMIFS(IN_TRANSITO!E:E,IN_TRANSITO!B:B,PLANEJAMENTO!C847,IN_TRANSITO!H:H,PLANEJAMENTO!$I$2,IN_TRANSITO!W:W,PLANEJAMENTO!A847) -> 0 | J847: =SUMIFS(IN_TRANSITO!E:E,IN_TRANSITO!B:B,PLANEJAMENTO!C847,IN_TRANSITO!H:H,PLANEJAMENTO!$J$2,IN_TRANSITO!W:W,PLANEJAMENTO!A847) -> 0 | K847: =SUMIFS(PRODUCAO_SHRINK!E:E,PRODUCAO_SHRINK!B:B,PLANEJAMENTO[[#This Row],[SKU]],PRODUCAO_SHRINK!H:H,PLANEJAMENTO[[#Headers],[SHERINK SOLICITADO]],PRODUCAO_SHRINK!V:V,PLANEJAMENTO[[#This Row],[LISTA]]) -> 6000 | L847: =SUMIFS(PRODUCAO_SHRINK!E:E,PRODUCAO_SHRINK!B:B,PLANEJAMENTO[[#This Row],[SKU]],PRODUCAO_SHRINK!H:H,PLANEJAMENTO[[#Headers],[SHERINK ENVIADO]],PRODUCAO_SHRINK!V:V,PLANEJAMENTO[[#This Row],[LISTA]]) -> 0 | M847: =SUMIFS(IN_TRANSITO!E:E,IN_TRANSITO!B:B,PLANEJAMENTO!C847,IN_TRANSITO!H:H,PLANEJAMENTO!$M$2,IN_TRANSITO!W:W,PLANEJAMENTO!A847) -> 2334 | N847: 0 | O847: 6000 | P847: =(PLANEJAMENTO[[#This Row],[AGUARDANDO SEPARAÇÃO]]+PLANEJAMENTO[[#This Row],[FINALIZADO]])-(PLANEJAMENTO[[#This Row],[TOTAL LISTA]]+PLANEJAMENTO[[#This Row],[KIT]]) -> -3666 | Q847: =IFERROR(VLOOKUP(PLANEJAMENTO[[#This Row],[SKU]],EST_MERCOCAMP!A:E,5,0),0) -> -4668 | R847: =IFERROR(VLOOKUP(PLANEJAMENTO[[#This Row],[SKU]],EST_LMX!A:C,3,0),0) -> 4830 | S847: =IFERROR(IF(VLOOKUP(C847,'EST_DEVINTEX X DEMANDA'!A:E,5,0)<0,0,VLOOKUP(C847,'EST_DEVINTEX X DEMANDA'!A:E,5,0)),0) -> 17034 | U847: =T847*G847 -> 0 | V847: =U847/H847 -> 0 | W847: SIM | X847: NÃO | Y847: =(PLANEJAMENTO[[#This Row],[AGUARDANDO SEPARAÇÃO]]+PLANEJAMENTO[[#This Row],[FINALIZADO]])/(PLANEJAMENTO[[#This Row],[KIT]]+PLANEJAMENTO[[#This Row],[TOTAL LISTA]]) -> 0.389
A848: LIST_10 | B848: SHOPEE | C848: 32210 | D848: Spray Defrizante Protetor Térmico Meu Liso Reparação 240ml | E848: A | F848: PRIORIDADE | G848: 1584 | H848: 6 | I848: =SUMIFS(IN_TRANSITO!E:E,IN_TRANSITO!B:B,PLANEJAMENTO!C848,IN_TRANSITO!H:H,PLANEJAMENTO!$I$2,IN_TRANSITO!W:W,PLANEJAMENTO!A848) -> 858 | J848: =SUMIFS(IN_TRANSITO!E:E,IN_TRANSITO!B:B,PLANEJAMENTO!C848,IN_TRANSITO!H:H,PLANEJAMENTO!$J$2,IN_TRANSITO!W:W,PLANEJAMENTO!A848) -> 0 | K848: =SUMIFS(PRODUCAO_SHRINK!E:E,PRODUCAO_SHRINK!B:B,PLANEJAMENTO[[#This Row],[SKU]],PRODUCAO_SHRINK!H:H,PLANEJAMENTO[[#Headers],[SHERINK SOLICITADO]],PRODUCAO_SHRINK!V:V,PLANEJAMENTO[[#This Row],[LISTA]]) -> 0 | L848: =SUMIFS(PRODUCAO_SHRINK!E:E,PRODUCAO_SHRINK!B:B,PLANEJAMENTO[[#This Row],[SKU]],PRODUCAO_SHRINK!H:H,PLANEJAMENTO[[#Headers],[SHERINK ENVIADO]],PRODUCAO_SHRINK!V:V,PLANEJAMENTO[[#This Row],[LISTA]]) -> 0 | M848: =SUMIFS(IN_TRANSITO!E:E,IN_TRANSITO!B:B,PLANEJAMENTO!C848,IN_TRANSITO!H:H,PLANEJAMENTO!$M$2,IN_TRANSITO!W:W,PLANEJAMENTO!A848) -> 0 | N848: 0 | O848: 858 | P848: =(PLANEJAMENTO[[#This Row],[AGUARDANDO SEPARAÇÃO]]+PLANEJAMENTO[[#This Row],[FINALIZADO]])-(PLANEJAMENTO[[#This Row],[TOTAL LISTA]]+PLANEJAMENTO[[#This Row],[KIT]]) -> 0 | Q848: =IFERROR(VLOOKUP(PLANEJAMENTO[[#This Row],[SKU]],EST_MERCOCAMP!A:E,5,0),0) -> 7038 | R848: =IFERROR(VLOOKUP(PLANEJAMENTO[[#This Row],[SKU]],EST_LMX!A:C,3,0),0) -> 630 | S848: =IFERROR(IF(VLOOKUP(C848,'EST_DEVINTEX X DEMANDA'!A:E,5,0)<0,0,VLOOKUP(C848,'EST_DEVINTEX X DEMANDA'!A:E,5,0)),0) -> 5550 | U848: =T848*G848 -> 0 | V848: =U848/H848 -> 0 | W848: NÃO | X848: NÃO | Y848: =(PLANEJAMENTO[[#This Row],[AGUARDANDO SEPARAÇÃO]]+PLANEJAMENTO[[#This Row],[FINALIZADO]])/(PLANEJAMENTO[[#This Row],[KIT]]+PLANEJAMENTO[[#This Row],[TOTAL LISTA]]) -> 1
A849: LIST_10 | B849: SHOPEE | C849: 95687 | D849: Kit Shampoo + Condicionador Hidra Amido de Milho Salon Line 300ml | E849: A | F849: PRIORIDADE | G849: 720 | H849: 6 | I849: =SUMIFS(IN_TRANSITO!E:E,IN_TRANSITO!B:B,PLANEJAMENTO!C849,IN_TRANSITO!H:H,PLANEJAMENTO!$I$2,IN_TRANSITO!W:W,PLANEJAMENTO!A849) -> 876 | J849: =SUMIFS(IN_TRANSITO!E:E,IN_TRANSITO!B:B,PLANEJAMENTO!C849,IN_TRANSITO!H:H,PLANEJAMENTO!$J$2,IN_TRANSITO!W:W,PLANEJAMENTO!A849) -> 0 | K849: =SUMIFS(PRODUCAO_SHRINK!E:E,PRODUCAO_SHRINK!B:B,PLANEJAMENTO[[#This Row],[SKU]],PRODUCAO_SHRINK!H:H,PLANEJAMENTO[[#Headers],[SHERINK SOLICITADO]],PRODUCAO_SHRINK!V:V,PLANEJAMENTO[[#This Row],[LISTA]]) -> 0 | L849: =SUMIFS(PRODUCAO_SHRINK!E:E,PRODUCAO_SHRINK!B:B,PLANEJAMENTO[[#This Row],[SKU]],PRODUCAO_SHRINK!H:H,PLANEJAMENTO[[#Headers],[SHERINK ENVIADO]],PRODUCAO_SHRINK!V:V,PLANEJAMENTO[[#This Row],[LISTA]]) -> 0 | M849: =SUMIFS(IN_TRANSITO!E:E,IN_TRANSITO!B:B,PLANEJAMENTO!C849,IN_TRANSITO!H:H,PLANEJAMENTO!$M$2,IN_TRANSITO!W:W,PLANEJAMENTO!A849) -> 0 | N849: 0 | O849: 876 | P849: =(PLANEJAMENTO[[#This Row],[AGUARDANDO SEPARAÇÃO]]+PLANEJAMENTO[[#This Row],[FINALIZADO]])-(PLANEJAMENTO[[#This Row],[TOTAL LISTA]]+PLANEJAMENTO[[#This Row],[KIT]]) -> 0 | Q849: =IFERROR(VLOOKUP(PLANEJAMENTO[[#This Row],[SKU]],EST_MERCOCAMP!A:E,5,0),0) -> 1290 | R849: =IFERROR(VLOOKUP(PLANEJAMENTO[[#This Row],[SKU]],EST_LMX!A:C,3,0),0) -> 834 | S849: =IFERROR(IF(VLOOKUP(C849,'EST_DEVINTEX X DEMANDA'!A:E,5,0)<0,0,VLOOKUP(C849,'EST_DEVINTEX X DEMANDA'!A:E,5,0)),0) -> 720 | U849: =T849*G849 -> 0 | V849: =U849/H849 -> 0 | W849: NÃO | X849: NÃO | Y849: =(PLANEJAMENTO[[#This Row],[AGUARDANDO SEPARAÇÃO]]+PLANEJAMENTO[[#This Row],[FINALIZADO]])/(PLANEJAMENTO[[#This Row],[KIT]]+PLANEJAMENTO[[#This Row],[TOTAL LISTA]]) -> 1
A850: LIST_10 | B850: SHOPEE | C850: 32547 | D850: Gelatina #todecacho Super Volume 1kg | E850: A | F850: PRIORIDADE | G850: 480 | H850: 6 | I850: =SUMIFS(IN_TRANSITO!E:E,IN_TRANSITO!B:B,PLANEJAMENTO!C850,IN_TRANSITO!H:H,PLANEJAMENTO!$I$2,IN_TRANSITO!W:W,PLANEJAMENTO!A850) -> 0 | J850: =SUMIFS(IN_TRANSITO!E:E,IN_TRANSITO!B:B,PLANEJAMENTO!C850,IN_TRANSITO!H:H,PLANEJAMENTO!$J$2,IN_TRANSITO!W:W,PLANEJAMENTO!A850) -> 0 | K850: =SUMIFS(PRODUCAO_SHRINK!E:E,PRODUCAO_SHRINK!B:B,PLANEJAMENTO[[#This Row],[SKU]],PRODUCAO_SHRINK!H:H,PLANEJAMENTO[[#Headers],[SHERINK SOLICITADO]],PRODUCAO_SHRINK!V:V,PLANEJAMENTO[[#This Row],[LISTA]]) -> 0 | L850: =SUMIFS(PRODUCAO_SHRINK!E:E,PRODUCAO_SHRINK!B:B,PLANEJAMENTO[[#This Row],[SKU]],PRODUCAO_SHRINK!H:H,PLANEJAMENTO[[#Headers],[SHERINK ENVIADO]],PRODUCAO_SHRINK!V:V,PLANEJAMENTO[[#This Row],[LISTA]]) -> 0 | M850: =SUMIFS(IN_TRANSITO!E:E,IN_TRANSITO!B:B,PLANEJAMENTO!C850,IN_TRANSITO!H:H,PLANEJAMENTO!$M$2,IN_TRANSITO!W:W,PLANEJAMENTO!A850) -> 0 | N850: 0 | O850: 966 | P850: =(PLANEJAMENTO[[#This Row],[AGUARDANDO SEPARAÇÃO]]+PLANEJAMENTO[[#This Row],[FINALIZADO]])-(PLANEJAMENTO[[#This Row],[TOTAL LISTA]]+PLANEJAMENTO[[#This Row],[KIT]]) -> -966 | Q850: =IFERROR(VLOOKUP(PLANEJAMENTO[[#This Row],[SKU]],EST_MERCOCAMP!A:E,5,0),0) -> -1440 | R850: =IFERROR(VLOOKUP(PLANEJAMENTO[[#This Row],[SKU]],EST_LMX!A:C,3,0),0) -> 522 | S850: =IFERROR(IF(VLOOKUP(C850,'EST_DEVINTEX X DEMANDA'!A:E,5,0)<0,0,VLOOKUP(C850,'EST_DEVINTEX X DEMANDA'!A:E,5,0)),0) -> 0 | U850: =T850*G850 -> 0 | V850: =U850/H850 -> 0 | W850: SIM | X850: NÃO | Y850: =(PLANEJAMENTO[[#This Row],[AGUARDANDO SEPARAÇÃO]]+PLANEJAMENTO[[#This Row],[FINALIZADO]])/(PLANEJAMENTO[[#This Row],[KIT]]+PLANEJAMENTO[[#This Row],[TOTAL LISTA]]) -> 0
A851: LIST_10 | B851: SHOPEE | C851: 7031 | D851: Ativador de Cachos SOS Bomba Original Salon Line 300ml | E851: A | F851: PRIORIDADE | G851: 1392 | H851: 6 | I851: =SUMIFS(IN_TRANSITO!E:E,IN_TRANSITO!B:B,PLANEJAMENTO!C851,IN_TRANSITO!H:H,PLANEJAMENTO!$I$2,IN_TRANSITO!W:W,PLANEJAMENTO!A851) -> 1254 | J851: =SUMIFS(IN_TRANSITO!E:E,IN_TRANSITO!B:B,PLANEJAMENTO!C851,IN_TRANSITO!H:H,PLANEJAMENTO!$J$2,IN_TRANSITO!W:W,PLANEJAMENTO!A851) -> 0 | K851: =SUMIFS(PRODUCAO_SHRINK!E:E,PRODUCAO_SHRINK!B:B,PLANEJAMENTO[[#This Row],[SKU]],PRODUCAO_SHRINK!H:H,PLANEJAMENTO[[#Headers],[SHERINK SOLICITADO]],PRODUCAO_SHRINK!V:V,PLANEJAMENTO[[#This Row],[LISTA]]) -> 0 | L851: =SUMIFS(PRODUCAO_SHRINK!E:E,PRODUCAO_SHRINK!B:B,PLANEJAMENTO[[#This Row],[SKU]],PRODUCAO_SHRINK!H:H,PLANEJAMENTO[[#Headers],[SHERINK ENVIADO]],PRODUCAO_SHRINK!V:V,PLANEJAMENTO[[#This Row],[LISTA]]) -> 0 | M851: =SUMIFS(IN_TRANSITO!E:E,IN_TRANSITO!B:B,PLANEJAMENTO!C851,IN_TRANSITO!H:H,PLANEJAMENTO!$M$2,IN_TRANSITO!W:W,PLANEJAMENTO!A851) -> 0 | N851: 0 | O851: 1254 | P851: =(PLANEJAMENTO[[#This Row],[AGUARDANDO SEPARAÇÃO]]+PLANEJAMENTO[[#This Row],[FINALIZADO]])-(PLANEJAMENTO[[#This Row],[TOTAL LISTA]]+PLANEJAMENTO[[#This Row],[KIT]]) -> 0 | Q851: =IFERROR(VLOOKUP(PLANEJAMENTO[[#This Row],[SKU]],EST_MERCOCAMP!A:E,5,0),0) -> 606 | R851: =IFERROR(VLOOKUP(PLANEJAMENTO[[#This Row],[SKU]],EST_LMX!A:C,3,0),0) -> 3354 | S851: =IFERROR(IF(VLOOKUP(C851,'EST_DEVINTEX X DEMANDA'!A:E,5,0)<0,0,VLOOKUP(C851,'EST_DEVINTEX X DEMANDA'!A:E,5,0)),0) -> 14178 | U851: =T851*G851 -> 0 | V851: =U851/H851 -> 0 | W851: NÃO | X851: NÃO | Y851: =(PLANEJAMENTO[[#This Row],[AGUARDANDO SEPARAÇÃO]]+PLANEJAMENTO[[#This Row],[FINALIZADO]])/(PLANEJAMENTO[[#This Row],[KIT]]+PLANEJAMENTO[[#This Row],[TOTAL LISTA]]) -> 1
A852: LIST_10 | B852: SHOPEE | C852: 95192 | D852: Máscara Meu Liso Matizadora Loiro Salon Line 300g | E852: A | F852: PRIORIDADE | G852: 960 | H852: 6 | I852: =SUMIFS(IN_TRANSITO!E:E,IN_TRANSITO!B:B,PLANEJAMENTO!C852,IN_TRANSITO!H:H,PLANEJAMENTO!$I$2,IN_TRANSITO!W:W,PLANEJAMENTO!A852) -> 1380 | J852: =SUMIFS(IN_TRANSITO!E:E,IN_TRANSITO!B:B,PLANEJAMENTO!C852,IN_TRANSITO!H:H,PLANEJAMENTO!$J$2,IN_TRANSITO!W:W,PLANEJAMENTO!A852) -> 0 | K852: =SUMIFS(PRODUCAO_SHRINK!E:E,PRODUCAO_SHRINK!B:B,PLANEJAMENTO[[#This Row],[SKU]],PRODUCAO_SHRINK!H:H,PLANEJAMENTO[[#Headers],[SHERINK SOLICITADO]],PRODUCAO_SHRINK!V:V,PLANEJAMENTO[[#This Row],[LISTA]]) -> 0 | L852: =SUMIFS(PRODUCAO_SHRINK!E:E,PRODUCAO_SHRINK!B:B,PLANEJAMENTO[[#This Row],[SKU]],PRODUCAO_SHRINK!H:H,PLANEJAMENTO[[#Headers],[SHERINK ENVIADO]],PRODUCAO_SHRINK!V:V,PLANEJAMENTO[[#This Row],[LISTA]]) -> 0 | M852: =SUMIFS(IN_TRANSITO!E:E,IN_TRANSITO!B:B,PLANEJAMENTO!C852,IN_TRANSITO!H:H,PLANEJAMENTO!$M$2,IN_TRANSITO!W:W,PLANEJAMENTO!A852) -> 0 | N852: 0 | O852: 1380 | P852: =(PLANEJAMENTO[[#This Row],[AGUARDANDO SEPARAÇÃO]]+PLANEJAMENTO[[#This Row],[FINALIZADO]])-(PLANEJAMENTO[[#This Row],[TOTAL LISTA]]+PLANEJAMENTO[[#This Row],[KIT]]) -> 0 | Q852: =IFERROR(VLOOKUP(PLANEJAMENTO[[#This Row],[SKU]],EST_MERCOCAMP!A:E,5,0),0) -> 2346 | R852: =IFERROR(VLOOKUP(PLANEJAMENTO[[#This Row],[SKU]],EST_LMX!A:C,3,0),0) -> 2730 | S852: =IFERROR(IF(VLOOKUP(C852,'EST_DEVINTEX X DEMANDA'!A:E,5,0)<0,0,VLOOKUP(C852,'EST_DEVINTEX X DEMANDA'!A:E,5,0)),0) -> 11010 | U852: =T852*G852 -> 0 | V852: =U852/H852 -> 0 | W852: NÃO | X852: NÃO | Y852: =(PLANEJAMENTO[[#This Row],[AGUARDANDO SEPARAÇÃO]]+PLANEJAMENTO[[#This Row],[FINALIZADO]])/(PLANEJAMENTO[[#This Row],[KIT]]+PLANEJAMENTO[[#This Row],[TOTAL LISTA]]) -> 1
A853: LIST_10 | B853: SHOPEE | C853: 32034 | D853: Máscara Matizadora #todecacho Chocolate 300g | E853: A | F853: PRIORIDADE | G853: 1452 | H853: 6 | I853: =SUMIFS(IN_TRANSITO!E:E,IN_TRANSITO!B:B,PLANEJAMENTO!C853,IN_TRANSITO!H:H,PLANEJAMENTO!$I$2,IN_TRANSITO!W:W,PLANEJAMENTO!A853) -> 2394 | J853: =SUMIFS(IN_TRANSITO!E:E,IN_TRANSITO!B:B,PLANEJAMENTO!C853,IN_TRANSITO!H:H,PLANEJAMENTO!$J$2,IN_TRANSITO!W:W,PLANEJAMENTO!A853) -> 0 | K853: =SUMIFS(PRODUCAO_SHRINK!E:E,PRODUCAO_SHRINK!B:B,PLANEJAMENTO[[#This Row],[SKU]],PRODUCAO_SHRINK!H:H,PLANEJAMENTO[[#Headers],[SHERINK SOLICITADO]],PRODUCAO_SHRINK!V:V,PLANEJAMENTO[[#This Row],[LISTA]]) -> 0 | L853: =SUMIFS(PRODUCAO_SHRINK!E:E,PRODUCAO_SHRINK!B:B,PLANEJAMENTO[[#This Row],[SKU]],PRODUCAO_SHRINK!H:H,PLANEJAMENTO[[#Headers],[SHERINK ENVIADO]],PRODUCAO_SHRINK!V:V,PLANEJAMENTO[[#This Row],[LISTA]]) -> 0 | M853: =SUMIFS(IN_TRANSITO!E:E,IN_TRANSITO!B:B,PLANEJAMENTO!C853,IN_TRANSITO!H:H,PLANEJAMENTO!$M$2,IN_TRANSITO!W:W,PLANEJAMENTO!A853) -> 0 | N853: 0 | O853: 2394 | P853: =(PLANEJAMENTO[[#This Row],[AGUARDANDO SEPARAÇÃO]]+PLANEJAMENTO[[#This Row],[FINALIZADO]])-(PLANEJAMENTO[[#This Row],[TOTAL LISTA]]+PLANEJAMENTO[[#This Row],[KIT]]) -> 0 | Q853: =IFERROR(VLOOKUP(PLANEJAMENTO[[#This Row],[SKU]],EST_MERCOCAMP!A:E,5,0),0) -> 414 | R853: =IFERROR(VLOOKUP(PLANEJAMENTO[[#This Row],[SKU]],EST_LMX!A:C,3,0),0) -> 222 | S853: =IFERROR(IF(VLOOKUP(C853,'EST_DEVINTEX X DEMANDA'!A:E,5,0)<0,0,VLOOKUP(C853,'EST_DEVINTEX X DEMANDA'!A:E,5,0)),0) -> 0 | U853: =T853*G853 -> 0 | V853: =U853/H853 -> 0 | W853: NÃO | X853: NÃO | Y853: =(PLANEJAMENTO[[#This Row],[AGUARDANDO SEPARAÇÃO]]+PLANEJAMENTO[[#This Row],[FINALIZADO]])/(PLANEJAMENTO[[#This Row],[KIT]]+PLANEJAMENTO[[#This Row],[TOTAL LISTA]]) -> 1
A854: LIST_10 | B854: SHOPEE | C854: 43116 | D854: Kit S.O.S Hidratação Azeite de Oliva Shampoo e Condicionador Litrão Salon Line | E854: A | F854: PRIORIDADE | G854: 180 | H854: 3 | I854: =SUMIFS(IN_TRANSITO!E:E,IN_TRANSITO!B:B,PLANEJAMENTO!C854,IN_TRANSITO!H:H,PLANEJAMENTO!$I$2,IN_TRANSITO!W:W,PLANEJAMENTO!A854) -> 3240 | J854: =SUMIFS(IN_TRANSITO!E:E,IN_TRANSITO!B:B,PLANEJAMENTO!C854,IN_TRANSITO!H:H,PLANEJAMENTO!$J$2,IN_TRANSITO!W:W,PLANEJAMENTO!A854) -> 0 | K854: =SUMIFS(PRODUCAO_SHRINK!E:E,PRODUCAO_SHRINK!B:B,PLANEJAMENTO[[#This Row],[SKU]],PRODUCAO_SHRINK!H:H,PLANEJAMENTO[[#Headers],[SHERINK SOLICITADO]],PRODUCAO_SHRINK!V:V,PLANEJAMENTO[[#This Row],[LISTA]]) -> 0 | L854: =SUMIFS(PRODUCAO_SHRINK!E:E,PRODUCAO_SHRINK!B:B,PLANEJAMENTO[[#This Row],[SKU]],PRODUCAO_SHRINK!H:H,PLANEJAMENTO[[#Headers],[SHERINK ENVIADO]],PRODUCAO_SHRINK!V:V,PLANEJAMENTO[[#This Row],[LISTA]]) -> 0 | M854: =SUMIFS(IN_TRANSITO!E:E,IN_TRANSITO!B:B,PLANEJAMENTO!C854,IN_TRANSITO!H:H,PLANEJAMENTO!$M$2,IN_TRANSITO!W:W,PLANEJAMENTO!A854) -> 0 | N854: 0 | O854: 3648 | P854: =(PLANEJAMENTO[[#This Row],[AGUARDANDO SEPARAÇÃO]]+PLANEJAMENTO[[#This Row],[FINALIZADO]])-(PLANEJAMENTO[[#This Row],[TOTAL LISTA]]+PLANEJAMENTO[[#This Row],[KIT]]) -> -408 | Q854: =IFERROR(VLOOKUP(PLANEJAMENTO[[#This Row],[SKU]],EST_MERCOCAMP!A:E,5,0),0) -> -885 | R854: =IFERROR(VLOOKUP(PLANEJAMENTO[[#This Row],[SKU]],EST_LMX!A:C,3,0),0) -> 3318 | S854: =IFERROR(IF(VLOOKUP(C854,'EST_DEVINTEX X DEMANDA'!A:E,5,0)<0,0,VLOOKUP(C854,'EST_DEVINTEX X DEMANDA'!A:E,5,0)),0) -> 6042 | U854: =T854*G854 -> 0 | V854: =U854/H854 -> 0 | W854: NÃO | X854: NÃO | Y854: =(PLANEJAMENTO[[#This Row],[AGUARDANDO SEPARAÇÃO]]+PLANEJAMENTO[[#This Row],[FINALIZADO]])/(PLANEJAMENTO[[#This Row],[KIT]]+PLANEJAMENTO[[#This Row],[TOTAL LISTA]]) -> 0.88815789
A855: LIST_10 | B855: SHOPEE | C855: 95108 | D855: Máscara de hidratação SOS Bomba Original Salon Line 500g | E855: A | F855: PRIORIDADE | G855: 768 | H855: 6 | I855: =SUMIFS(IN_TRANSITO!E:E,IN_TRANSITO!B:B,PLANEJAMENTO!C855,IN_TRANSITO!H:H,PLANEJAMENTO!$I$2,IN_TRANSITO!W:W,PLANEJAMENTO!A855) -> 0 | J855: =SUMIFS(IN_TRANSITO!E:E,IN_TRANSITO!B:B,PLANEJAMENTO!C855,IN_TRANSITO!H:H,PLANEJAMENTO!$J$2,IN_TRANSITO!W:W,PLANEJAMENTO!A855) -> 0 | K855: =SUMIFS(PRODUCAO_SHRINK!E:E,PRODUCAO_SHRINK!B:B,PLANEJAMENTO[[#This Row],[SKU]],PRODUCAO_SHRINK!H:H,PLANEJAMENTO[[#Headers],[SHERINK SOLICITADO]],PRODUCAO_SHRINK!V:V,PLANEJAMENTO[[#This Row],[LISTA]]) -> 0 | L855: =SUMIFS(PRODUCAO_SHRINK!E:E,PRODUCAO_SHRINK!B:B,PLANEJAMENTO[[#This Row],[SKU]],PRODUCAO_SHRINK!H:H,PLANEJAMENTO[[#Headers],[SHERINK ENVIADO]],PRODUCAO_SHRINK!V:V,PLANEJAMENTO[[#This Row],[LISTA]]) -> 0 | M855: =SUMIFS(IN_TRANSITO!E:E,IN_TRANSITO!B:B,PLANEJAMENTO!C855,IN_TRANSITO!H:H,PLANEJAMENTO!$M$2,IN_TRANSITO!W:W,PLANEJAMENTO!A855) -> 0 | N855: 0 | O855: 3714 | P855: =(PLANEJAMENTO[[#This Row],[AGUARDANDO SEPARAÇÃO]]+PLANEJAMENTO[[#This Row],[FINALIZADO]])-(PLANEJAMENTO[[#This Row],[TOTAL LISTA]]+PLANEJAMENTO[[#This Row],[KIT]]) -> -3714 | Q855: =IFERROR(VLOOKUP(PLANEJAMENTO[[#This Row],[SKU]],EST_MERCOCAMP!A:E,5,0),0) -> 288 | R855: =IFERROR(VLOOKUP(PLANEJAMENTO[[#This Row],[SKU]],EST_LMX!A:C,3,0),0) -> 312 | S855: =IFERROR(IF(VLOOKUP(C855,'EST_DEVINTEX X DEMANDA'!A:E,5,0)<0,0,VLOOKUP(C855,'EST_DEVINTEX X DEMANDA'!A:E,5,0)),0) -> 14130 | U855: =T855*G855 -> 0 | V855: =U855/H855 -> 0 | W855: SIM | X855: NÃO | Y855: =(PLANEJAMENTO[[#This Row],[AGUARDANDO SEPARAÇÃO]]+PLANEJAMENTO[[#This Row],[FINALIZADO]])/(PLANEJAMENTO[[#This Row],[KIT]]+PLANEJAMENTO[[#This Row],[TOTAL LISTA]]) -> 0
A856: LIST_10 | B856: SHOPEE | C856: 33401 | D856: Creme para Pentear Definição Natural 300ml | E856: A | F856: PRIORIDADE | G856: 1260 | H856: 6 | I856: =SUMIFS(IN_TRANSITO!E:E,IN_TRANSITO!B:B,PLANEJAMENTO!C856,IN_TRANSITO!H:H,PLANEJAMENTO!$I$2,IN_TRANSITO!W:W,PLANEJAMENTO!A856) -> 4140 | J856: =SUMIFS(IN_TRANSITO!E:E,IN_TRANSITO!B:B,PLANEJAMENTO!C856,IN_TRANSITO!H:H,PLANEJAMENTO!$J$2,IN_TRANSITO!W:W,PLANEJAMENTO!A856) -> 0 | K856: =SUMIFS(PRODUCAO_SHRINK!E:E,PRODUCAO_SHRINK!B:B,PLANEJAMENTO[[#This Row],[SKU]],PRODUCAO_SHRINK!H:H,PLANEJAMENTO[[#Headers],[SHERINK SOLICITADO]],PRODUCAO_SHRINK!V:V,PLANEJAMENTO[[#This Row],[LISTA]]) -> 0 | L856: =SUMIFS(PRODUCAO_SHRINK!E:E,PRODUCAO_SHRINK!B:B,PLANEJAMENTO[[#This Row],[SKU]],PRODUCAO_SHRINK!H:H,PLANEJAMENTO[[#Headers],[SHERINK ENVIADO]],PRODUCAO_SHRINK!V:V,PLANEJAMENTO[[#This Row],[LISTA]]) -> 0 | M856: =SUMIFS(IN_TRANSITO!E:E,IN_TRANSITO!B:B,PLANEJAMENTO!C856,IN_TRANSITO!H:H,PLANEJAMENTO!$M$2,IN_TRANSITO!W:W,PLANEJAMENTO!A856) -> 0 | N856: 0 | O856: 4140 | P856: =(PLANEJAMENTO[[#This Row],[AGUARDANDO SEPARAÇÃO]]+PLANEJAMENTO[[#This Row],[FINALIZADO]])-(PLANEJAMENTO[[#This Row],[TOTAL LISTA]]+PLANEJAMENTO[[#This Row],[KIT]]) -> 0 | Q856: =IFERROR(VLOOKUP(PLANEJAMENTO[[#This Row],[SKU]],EST_MERCOCAMP!A:E,5,0),0) -> 2940 | R856: =IFERROR(VLOOKUP(PLANEJAMENTO[[#This Row],[SKU]],EST_LMX!A:C,3,0),0) -> 2820 | S856: =IFERROR(IF(VLOOKUP(C856,'EST_DEVINTEX X DEMANDA'!A:E,5,0)<0,0,VLOOKUP(C856,'EST_DEVINTEX X DEMANDA'!A:E,5,0)),0) -> 1260 | U856: =T856*G856 -> 0 | V856: =U856/H856 -> 0 | W856: NÃO | X856: NÃO | Y856: =(PLANEJAMENTO[[#This Row],[AGUARDANDO SEPARAÇÃO]]+PLANEJAMENTO[[#This Row],[FINALIZADO]])/(PLANEJAMENTO[[#This Row],[KIT]]+PLANEJAMENTO[[#This Row],[TOTAL LISTA]]) -> 1
A857: LIST_10 | B857: SHOPEE | C857: 32209 | D857: Gelatina Ativadora de Cachos SOS Cachos Kids Hidratação 400g | E857: A | F857: PRIORIDADE | G857: 720 | H857: 6 | I857: =SUMIFS(IN_TRANSITO!E:E,IN_TRANSITO!B:B,PLANEJAMENTO!C857,IN_TRANSITO!H:H,PLANEJAMENTO!$I$2,IN_TRANSITO!W:W,PLANEJAMENTO!A857) -> 4434 | J857: =SUMIFS(IN_TRANSITO!E:E,IN_TRANSITO!B:B,PLANEJAMENTO!C857,IN_TRANSITO!H:H,PLANEJAMENTO!$J$2,IN_TRANSITO!W:W,PLANEJAMENTO!A857) -> 0 | K857: =SUMIFS(PRODUCAO_SHRINK!E:E,PRODUCAO_SHRINK!B:B,PLANEJAMENTO[[#This Row],[SKU]],PRODUCAO_SHRINK!H:H,PLANEJAMENTO[[#Headers],[SHERINK SOLICITADO]],PRODUCAO_SHRINK!V:V,PLANEJAMENTO[[#This Row],[LISTA]]) -> 0 | L857: =SUMIFS(PRODUCAO_SHRINK!E:E,PRODUCAO_SHRINK!B:B,PLANEJAMENTO[[#This Row],[SKU]],PRODUCAO_SHRINK!H:H,PLANEJAMENTO[[#Headers],[SHERINK ENVIADO]],PRODUCAO_SHRINK!V:V,PLANEJAMENTO[[#This Row],[LISTA]]) -> 0 | M857: =SUMIFS(IN_TRANSITO!E:E,IN_TRANSITO!B:B,PLANEJAMENTO!C857,IN_TRANSITO!H:H,PLANEJAMENTO!$M$2,IN_TRANSITO!W:W,PLANEJAMENTO!A857) -> 0 | N857: 0 | O857: 4434 | P857: =(PLANEJAMENTO[[#This Row],[AGUARDANDO SEPARAÇÃO]]+PLANEJAMENTO[[#This Row],[FINALIZADO]])-(PLANEJAMENTO[[#This Row],[TOTAL LISTA]]+PLANEJAMENTO[[#This Row],[KIT]]) -> 0 | Q857: =IFERROR(VLOOKUP(PLANEJAMENTO[[#This Row],[SKU]],EST_MERCOCAMP!A:E,5,0),0) -> -4482 | R857: =IFERROR(VLOOKUP(PLANEJAMENTO[[#This Row],[SKU]],EST_LMX!A:C,3,0),0) -> 3152 | S857: =IFERROR(IF(VLOOKUP(C857,'EST_DEVINTEX X DEMANDA'!A:E,5,0)<0,0,VLOOKUP(C857,'EST_DEVINTEX X DEMANDA'!A:E,5,0)),0) -> 11106 | U857: =T857*G857 -> 0 | V857: =U857/H857 -> 0 | W857: NÃO | X857: NÃO | Y857: =(PLANEJAMENTO[[#This Row],[AGUARDANDO SEPARAÇÃO]]+PLANEJAMENTO[[#This Row],[FINALIZADO]])/(PLANEJAMENTO[[#This Row],[KIT]]+PLANEJAMENTO[[#This Row],[TOTAL LISTA]]) -> 1
A858: LIST_10 | B858: SHOPEE | C858: 43114 | D858: Kit S.O.S Hidratação Óleo de Rícino Shampoo e Condicionador Litrão Salon Line | E858: A | F858: PRIORIDADE | G858: 180 | H858: 3 | I858: =SUMIFS(IN_TRANSITO!E:E,IN_TRANSITO!B:B,PLANEJAMENTO!C858,IN_TRANSITO!H:H,PLANEJAMENTO!$I$2,IN_TRANSITO!W:W,PLANEJAMENTO!A858) -> 0 | J858: =SUMIFS(IN_TRANSITO!E:E,IN_TRANSITO!B:B,PLANEJAMENTO!C858,IN_TRANSITO!H:H,PLANEJAMENTO!$J$2,IN_TRANSITO!W:W,PLANEJAMENTO!A858) -> 0 | K858: =SUMIFS(PRODUCAO_SHRINK!E:E,PRODUCAO_SHRINK!B:B,PLANEJAMENTO[[#This Row],[SKU]],PRODUCAO_SHRINK!H:H,PLANEJAMENTO[[#Headers],[SHERINK SOLICITADO]],PRODUCAO_SHRINK!V:V,PLANEJAMENTO[[#This Row],[LISTA]]) -> 0 | L858: =SUMIFS(PRODUCAO_SHRINK!E:E,PRODUCAO_SHRINK!B:B,PLANEJAMENTO[[#This Row],[SKU]],PRODUCAO_SHRINK!H:H,PLANEJAMENTO[[#Headers],[SHERINK ENVIADO]],PRODUCAO_SHRINK!V:V,PLANEJAMENTO[[#This Row],[LISTA]]) -> 0 | M858: =SUMIFS(IN_TRANSITO!E:E,IN_TRANSITO!B:B,PLANEJAMENTO!C858,IN_TRANSITO!H:H,PLANEJAMENTO!$M$2,IN_TRANSITO!W:W,PLANEJAMENTO!A858) -> 0 | N858: 0 | O858: 5424 | P858: =(PLANEJAMENTO[[#This Row],[AGUARDANDO SEPARAÇÃO]]+PLANEJAMENTO[[#This Row],[FINALIZADO]])-(PLANEJAMENTO[[#This Row],[TOTAL LISTA]]+PLANEJAMENTO[[#This Row],[KIT]]) -> -5424 | Q858: =IFERROR(VLOOKUP(PLANEJAMENTO[[#This Row],[SKU]],EST_MERCOCAMP!A:E,5,0),0) -> -672 | R858: =IFERROR(VLOOKUP(PLANEJAMENTO[[#This Row],[SKU]],EST_LMX!A:C,3,0),0) -> 2370 | S858: =IFERROR(IF(VLOOKUP(C858,'EST_DEVINTEX X DEMANDA'!A:E,5,0)<0,0,VLOOKUP(C858,'EST_DEVINTEX X DEMANDA'!A:E,5,0)),0) -> 180 | U858: =T858*G858 -> 0 | V858: =U858/H858 -> 0 | W858: NÃO | X858: NÃO | Y858: =(PLANEJAMENTO[[#This Row],[AGUARDANDO SEPARAÇÃO]]+PLANEJAMENTO[[#This Row],[FINALIZADO]])/(PLANEJAMENTO[[#This Row],[KIT]]+PLANEJAMENTO[[#This Row],[TOTAL LISTA]]) -> 0
A859: LIST_10 | B859: SHOPEE | C859: 32193 | D859: Balm Meu Liso Antifrizz 50g | E859: A | F859: PRIORIDADE | G859: 4032 | H859: 12 | I859: =SUMIFS(IN_TRANSITO!E:E,IN_TRANSITO!B:B,PLANEJAMENTO!C859,IN_TRANSITO!H:H,PLANEJAMENTO!$I$2,IN_TRANSITO!W:W,PLANEJAMENTO!A859) -> 2304 | J859: =SUMIFS(IN_TRANSITO!E:E,IN_TRANSITO!B:B,PLANEJAMENTO!C859,IN_TRANSITO!H:H,PLANEJAMENTO!$J$2,IN_TRANSITO!W:W,PLANEJAMENTO!A859) -> 0 | K859: =SUMIFS(PRODUCAO_SHRINK!E:E,PRODUCAO_SHRINK!B:B,PLANEJAMENTO[[#This Row],[SKU]],PRODUCAO_SHRINK!H:H,PLANEJAMENTO[[#Headers],[SHERINK SOLICITADO]],PRODUCAO_SHRINK!V:V,PLANEJAMENTO[[#This Row],[LISTA]]) -> 0 | L859: =SUMIFS(PRODUCAO_SHRINK!E:E,PRODUCAO_SHRINK!B:B,PLANEJAMENTO[[#This Row],[SKU]],PRODUCAO_SHRINK!H:H,PLANEJAMENTO[[#Headers],[SHERINK ENVIADO]],PRODUCAO_SHRINK!V:V,PLANEJAMENTO[[#This Row],[LISTA]]) -> 0 | M859: =SUMIFS(IN_TRANSITO!E:E,IN_TRANSITO!B:B,PLANEJAMENTO!C859,IN_TRANSITO!H:H,PLANEJAMENTO!$M$2,IN_TRANSITO!W:W,PLANEJAMENTO!A859) -> 0 | N859: 0 | O859: 5580 | P859: =(PLANEJAMENTO[[#This Row],[AGUARDANDO SEPARAÇÃO]]+PLANEJAMENTO[[#This Row],[FINALIZADO]])-(PLANEJAMENTO[[#This Row],[TOTAL LISTA]]+PLANEJAMENTO[[#This Row],[KIT]]) -> -3276 | Q859: =IFERROR(VLOOKUP(PLANEJAMENTO[[#This Row],[SKU]],EST_MERCOCAMP!A:E,5,0),0) -> 3036 | R859: =IFERROR(VLOOKUP(PLANEJAMENTO[[#This Row],[SKU]],EST_LMX!A:C,3,0),0) -> 1860 | S859: =IFERROR(IF(VLOOKUP(C859,'EST_DEVINTEX X DEMANDA'!A:E,5,0)<0,0,VLOOKUP(C859,'EST_DEVINTEX X DEMANDA'!A:E,5,0)),0) -> 0 | U859: =T859*G859 -> 0 | V859: =U859/H859 -> 0 | W859: NÃO | X859: NÃO | Y859: =(PLANEJAMENTO[[#This Row],[AGUARDANDO SEPARAÇÃO]]+PLANEJAMENTO[[#This Row],[FINALIZADO]])/(PLANEJAMENTO[[#This Row],[KIT]]+PLANEJAMENTO[[#This Row],[TOTAL LISTA]]) -> 0.41290323
... A1131: LIST_11 | B1131: SHOPEE | C1131: 32259 | D1131: Óleo de Tratamento SOS Cachos 10 em 1 Multibenefícios 42ml | E1131: A | F1131: 1 LINHA | G1131: 8544 | H1131: 12 | I1131: =SUMIFS(IN_TRANSITO!E:E,IN_TRANSITO!B:B,PLANEJAMENTO!C1131,IN_TRANSITO!H:H,PLANEJAMENTO!$I$2,IN_TRANSITO!W:W,PLANEJAMENTO!A1131) -> 0 | J1131: =SUMIFS(IN_TRANSITO!E:E,IN_TRANSITO!B:B,PLANEJAMENTO!C1131,IN_TRANSITO!H:H,PLANEJAMENTO!$J$2,IN_TRANSITO!W:W,PLANEJAMENTO!A1131) -> 0 | K1131: =SUMIFS(PRODUCAO_SHRINK!E:E,PRODUCAO_SHRINK!B:B,PLANEJAMENTO[[#This Row],[SKU]],PRODUCAO_SHRINK!H:H,PLANEJAMENTO[[#Headers],[SHERINK SOLICITADO]],PRODUCAO_SHRINK!V:V,PLANEJAMENTO[[#This Row],[LISTA]]) -> 0 | L1131: =SUMIFS(PRODUCAO_SHRINK!E:E,PRODUCAO_SHRINK!B:B,PLANEJAMENTO[[#This Row],[SKU]],PRODUCAO_SHRINK!H:H,PLANEJAMENTO[[#Headers],[SHERINK ENVIADO]],PRODUCAO_SHRINK!V:V,PLANEJAMENTO[[#This Row],[LISTA]]) -> 0 | M1131: =SUMIFS(IN_TRANSITO!E:E,IN_TRANSITO!B:B,PLANEJAMENTO!C1131,IN_TRANSITO!H:H,PLANEJAMENTO!$M$2,IN_TRANSITO!W:W,PLANEJAMENTO!A1131) -> 0 | N1131: 0 | O1131: 9456 | P1131: =(PLANEJAMENTO[[#This Row],[AGUARDANDO SEPARAÇÃO]]+PLANEJAMENTO[[#This Row],[FINALIZADO]])-(PLANEJAMENTO[[#This Row],[TOTAL LISTA]]+PLANEJAMENTO[[#This Row],[KIT]]) -> -9456 | Q1131: =IFERROR(VLOOKUP(PLANEJAMENTO[[#This Row],[SKU]],EST_MERCOCAMP!A:E,5,0),0) -> 21780 | R1131: =IFERROR(VLOOKUP(PLANEJAMENTO[[#This Row],[SKU]],EST_LMX!A:C,3,0),0) -> 978 | S1131: =IFERROR(IF(VLOOKUP(C1131,'EST_DEVINTEX X DEMANDA'!A:E,5,0)<0,0,VLOOKUP(C1131,'EST_DEVINTEX X DEMANDA'!A:E,5,0)),0) -> 24348 | U1131: =T1131*G1131 -> 0 | V1131: =U1131/H1131 -> 0 | W1131: SIM | X1131: NÃO | Y1131: =(PLANEJAMENTO[[#This Row],[AGUARDANDO SEPARAÇÃO]]+PLANEJAMENTO[[#This Row],[FINALIZADO]])/(PLANEJAMENTO[[#This Row],[KIT]]+PLANEJAMENTO[[#This Row],[TOTAL LISTA]]) -> 0

Sheet IN_TRANSITO
A1: Data Input | B1: CODPROD | C1: DESCRPROD | D1: QTD PALETE COMPRA | E1: QTD UND COMPRA | F1: Veículo | G1: PC | H1: Status | I1: OS | J1: NF | K1: Manifesto | L1: Data Expedição | M1: Data Recebimento | N1: Transportador | O1: LEAD TIME SEPARAÇÃO | P1: LEAD TIME RECEBIMENTO | Q1: Mês | R1: Duplicado | S1: FILIAL | T1: ARMAZÉM | U1: OPERADOR LOGÍSTICO | V1: CANAL | W1: OBS | X1: Movimentação
A2: 46148 | B2: 30513 | C2: Máscara Meu Liso Matizador Castanho Salon Line 300g | D2: 2 | E2: 1404 | G2: 2 | H2: FINALIZADO | O2: =IFERROR(IF(L2="",0,L2-A2),"") -> 0 | P2: =IFERROR(IF(M2="",0,M2-I.T[[#This Row],[Data Expedição]]),"") -> 0 | Q2: =IFERROR(DATE(YEAR(A2),MONTH(A2),1),"") -> 46143 | R2: =IFERROR(IF(H2="Entregue",IF(COUNTIFS(I$2:$I1345,I2)>1,"x",1),"x"),"") -> x | S2: 1202 | T2: 7 | U2: LMX | V2: SHOPEE FULL | W2: LIST_06
A3: 46148 | B3: 33297 | C3: Óleo Sérum Selagem dos Sonhos Meu Liso Demais 120ml | D3: 1 | E3: 990 | H3: SEM ESTOQUE | O3: =IFERROR(IF(L3="",0,L3-A3),"") -> 0 | P3: =IFERROR(IF(M3="",0,M3-I.T[[#This Row],[Data Expedição]]),"") -> 0 | Q3: =IFERROR(DATE(YEAR(A3),MONTH(A3),1),"") -> 46143 | R3: =IFERROR(IF(H3="Entregue",IF(COUNTIFS(I$2:$I1345,I3)>1,"x",1),"x"),"") -> x | S3: 1202 | T3: 7 | U3: LMX | V3: SHOPEE FULL | W3: LIST_06
A4: 46148 | B4: 30562 | C4: Kit Shampoo e Condicionador Hidra Hialurônico Salon Line 300ml | D4: 1 | E4: 462 | G4: 2 | H4: FINALIZADO | O4: =IFERROR(IF(L4="",0,L4-A4),"") -> 0 | P4: =IFERROR(IF(M4="",0,M4-I.T[[#This Row],[Data Expedição]]),"") -> 0 | Q4: =IFERROR(DATE(YEAR(A4),MONTH(A4),1),"") -> 46143 | R4: =IFERROR(IF(H4="Entregue",IF(COUNTIFS(I$2:$I4,I4)>1,"x",1),"x"),"") -> x | S4: 1202 | T4: 7 | U4: LMX | V4: SHOPEE FULL | W4: LIST_06
A5: 46148 | B5: 34509 | C5: Ativador de Cachos SOS Cachos Super Óleos Salon Line 300ml | D5: 1 | E5: 396 | H5: SEM ESTOQUE | O5: =IFERROR(IF(L5="",0,L5-A5),"") -> 0 | P5: =IFERROR(IF(M5="",0,M5-I.T[[#This Row],[Data Expedição]]),"") -> 0 | Q5: =IFERROR(DATE(YEAR(A5),MONTH(A5),1),"") -> 46143 | R5: =IFERROR(IF(H5="Entregue",IF(COUNTIFS(I$2:$I5,I5)>1,"x",1),"x"),"") -> x | S5: 1202 | T5: 7 | U5: LMX | V5: SHOPEE FULL | W5: LIST_06
A6: 46148 | B6: 34491 | C6: Creme Para Pentear Hidratação Profunda 1kg Salon Line | D6: 3 | E6: 1002 | G6: 2 | H6: FINALIZADO | O6: =IFERROR(IF(L6="",0,L6-A6),"") -> 0 | P6: =IFERROR(IF(M6="",0,M6-I.T[[#This Row],[Data Expedição]]),"") -> 0 | Q6: =IFERROR(DATE(YEAR(A6),MONTH(A6),1),"") -> 46143 | R6: =IFERROR(IF(H6="Entregue",IF(COUNTIFS(I$2:$I6,I6)>1,"x",1),"x"),"") -> x | S6: 1202 | T6: 7 | U6: LMX | V6: SHOPEE FULL | W6: LIST_06
A7: 46148 | B7: 95092 | C7: Ativador de Cachos SOS Cachos Arginina Reconstrução Salon Line 1kg | D7: 1 | E7: 456 | G7: 2 | H7: FINALIZADO | O7: =IFERROR(IF(L7="",0,L7-A7),"") -> 0 | P7: =IFERROR(IF(M7="",0,M7-I.T[[#This Row],[Data Expedição]]),"") -> 0 | Q7: =IFERROR(DATE(YEAR(A7),MONTH(A7),1),"") -> 46143 | R7: =IFERROR(IF(H7="Entregue",IF(COUNTIFS(I$2:$I7,I7)>1,"x",1),"x"),"") -> x | S7: 1202 | T7: 7 | U7: LMX | V7: SHOPEE FULL | W7: LIST_06
A8: 46148 | B8: 32572 | C8: Gelatina Melão #todecacho Kids Antifrizz 550g | D8: 1 | E8: 462 | G8: 2 | H8: FINALIZADO | O8: =IFERROR(IF(L8="",0,L8-A8),"") -> 0 | P8: =IFERROR(IF(M8="",0,M8-I.T[[#This Row],[Data Expedição]]),"") -> 0 | Q8: =IFERROR(DATE(YEAR(A8),MONTH(A8),1),"") -> 46143 | R8: =IFERROR(IF(H8="Entregue",IF(COUNTIFS(I$2:$I8,I8)>1,"x",1),"x"),"") -> x | S8: 1202 | T8: 7 | U8: LMX | V8: SHOPEE FULL | W8: LIST_06
A9: 46148 | B9: 32629 | C9: Máscara de Tratamento SOS Cachos De Repente Pronta 500g | D9: 2 | E9: 1380 | G9: 2 | H9: FINALIZADO | O9: =IFERROR(IF(L9="",0,L9-A9),"") -> 0 | P9: =IFERROR(IF(M9="",0,M9-I.T[[#This Row],[Data Expedição]]),"") -> 0 | Q9: =IFERROR(DATE(YEAR(A9),MONTH(A9),1),"") -> 46143 | R9: =IFERROR(IF(H9="Entregue",IF(COUNTIFS(I$2:$I9,I9)>1,"x",1),"x"),"") -> x | S9: 1202 | T9: 7 | U9: LMX | V9: SHOPEE FULL | W9: LIST_06
A10: 46148 | B10: 32194 | C10: Spray 10 em 1 Meu Liso Antifrizz 240ml | D10: 1 | E10: 930 | H10: SEM ESTOQUE | O10: =IFERROR(IF(L10="",0,L10-A10),"") -> 0 | P10: =IFERROR(IF(M10="",0,M10-I.T[[#This Row],[Data Expedição]]),"") -> 0 | Q10: =IFERROR(DATE(YEAR(A10),MONTH(A10),1),"") -> 46143 | R10: =IFERROR(IF(H10="Entregue",IF(COUNTIFS(I$2:$I10,I10)>1,"x",1),"x"),"") -> x | S10: 1202 | T10: 7 | U10: LMX | V10: SHOPEE FULL | W10: LIST_06
A11: 46148 | B11: 32631 | C11: Creme para Pentear Fluido SOS Cachos De Repente Pronta 300ml | D11: 1 | E11: 744 | G11: 1 | H11: FINALIZADO | O11: =IFERROR(IF(L11="",0,L11-A11),"") -> 0 | P11: =IFERROR(IF(M11="",0,M11-I.T[[#This Row],[Data Expedição]]),"") -> 0 | Q11: =IFERROR(DATE(YEAR(A11),MONTH(A11),1),"") -> 46143 | R11: =IFERROR(IF(H11="Entregue",IF(COUNTIFS(I$2:$I11,I11)>1,"x",1),"x"),"") -> x | S11: 1202 | T11: 7 | U11: LMX | V11: SHOPEE FULL | W11: LIST_06
A12: 46148 | B12: 30359 | C12: Condicionador SOS Cachos Kids Nutrição em Ação 300ml | D12: 1 | E12: 576 | G12: 1 | H12: FINALIZADO | O12: =IFERROR(IF(L12="",0,L12-A12),"") -> 0 | P12: =IFERROR(IF(M12="",0,M12-I.T[[#This Row],[Data Expedição]]),"") -> 0 | Q12: =IFERROR(DATE(YEAR(A12),MONTH(A12),1),"") -> 46143 | R12: =IFERROR(IF(H12="Entregue",IF(COUNTIFS(I$2:$I12,I12)>1,"x",1),"x"),"") -> x | S12: 1202 | T12: 7 | U12: LMX | V12: SHOPEE FULL | W12: LIST_06
A13: 46148 | B13: 32429 | C13: Kit Shampoo e Condicionador Hidra Longos e Fortes 300ml | D13: 1 | E13: 510 | G13: 2 | H13: FINALIZADO | O13: =IFERROR(IF(L13="",0,L13-A13),"") -> 0 | P13: =IFERROR(IF(M13="",0,M13-I.T[[#This Row],[Data Expedição]]),"") -> 0 | Q13: =IFERROR(DATE(YEAR(A13),MONTH(A13),1),"") -> 46143 | R13: =IFERROR(IF(H13="Entregue",IF(COUNTIFS(I$2:$I13,I13)>1,"x",1),"x"),"") -> x | S13: 1202 | T13: 7 | U13: LMX | V13: SHOPEE FULL | W13: LIST_06
A14: 46148 | B14: 95491 | C14: Creme Para Pentear Brilho Umidificado Salon Line 1kg | D14: 1 | E14: 438 | G14: 1 | H14: FINALIZADO | O14: =IFERROR(IF(L14="",0,L14-A14),"") -> 0 | P14: =IFERROR(IF(M14="",0,M14-I.T[[#This Row],[Data Expedição]]),"") -> 0 | Q14: =IFERROR(DATE(YEAR(A14),MONTH(A14),1),"") -> 46143 | R14: =IFERROR(IF(H14="Entregue",IF(COUNTIFS(I$2:$I14,I14)>1,"x",1),"x"),"") -> x | S14: 1202 | T14: 7 | U14: LMX | V14: SHOPEE FULL | W14: LIST_06
A15: 46148 | B15: 31733 | C15: Gelatina Líquida #todecacho Estilização 300ml | D15: 1 | E15: 906 | G15: 1 | H15: FINALIZADO | O15: =IFERROR(IF(L15="",0,L15-A15),"") -> 0 | P15: =IFERROR(IF(M15="",0,M15-I.T[[#This Row],[Data Expedição]]),"") -> 0 | Q15: =IFERROR(DATE(YEAR(A15),MONTH(A15),1),"") -> 46143 | R15: =IFERROR(IF(H15="Entregue",IF(COUNTIFS(I$2:$I15,I15)>1,"x",1),"x"),"") -> x | S15: 1202 | T15: 7 | U15: LMX | V15: SHOPEE FULL | W15: LIST_06
A16: 46148 | B16: 31765 | C16: Creme Para Pentear SOS Cachos Kids Nutrição em Ação 300ml | D16: 1 | E16: 804 | G16: 1 | H16: FINALIZADO | O16: =IFERROR(IF(L16="",0,L16-A16),"") -> 0 | P16: =IFERROR(IF(M16="",0,M16-I.T[[#This Row],[Data Expedição]]),"") -> 0 | Q16: =IFERROR(DATE(YEAR(A16),MONTH(A16),1),"") -> 46143 | R16: =IFERROR(IF(H16="Entregue",IF(COUNTIFS(I$2:$I16,I16)>1,"x",1),"x"),"") -> x | S16: 1202 | T16: 7 | U16: LMX | V16: SHOPEE FULL | W16: LIST_06
A17: 46148 | B17: 33371 | C17: Tônico Capilar Cachos dos Sonhos Pink Fatal 300ml | D17: 1 | E17: 696 | G17: 2 | H17: FINALIZADO | O17: =IFERROR(IF(L17="",0,L17-A17),"") -> 0 | P17: =IFERROR(IF(M17="",0,M17-I.T[[#This Row],[Data Expedição]]),"") -> 0 | Q17: =IFERROR(DATE(YEAR(A17),MONTH(A17),1),"") -> 46143 | R17: =IFERROR(IF(H17="Entregue",IF(COUNTIFS(I$2:$I17,I17)>1,"x",1),"x"),"") -> x | S17: 1202 | T17: 7 | U17: LMX | V17: SHOPEE FULL | W17: LIST_06
A18: 46148 | B18: 32442 | C18: Creme Modelador Natural #todecacho Cachos dos Sonhos 500ml | D18: 2 | E18: 1338 | G18: 2 | H18: FINALIZADO | O18: =IFERROR(IF(L18="",0,L18-A18),"") -> 0 | P18: =IFERROR(IF(M18="",0,M18-I.T[[#This Row],[Data Expedição]]),"") -> 0 | Q18: =IFERROR(DATE(YEAR(A18),MONTH(A18),1),"") -> 46143 | R18: =IFERROR(IF(H18="Entregue",IF(COUNTIFS(I$2:$I18,I18)>1,"x",1),"x"),"") -> x | S18: 1202 | T18: 7 | U18: LMX | V18: SHOPEE FULL | W18: LIST_06
A19: 46148 | B19: 95089 | C19: Shampoo SOS Bomba Original Salon Line 500ml | D19: 3 | E19: 3300 | H19: SEM ESTOQUE | O19: =IFERROR(IF(L19="",0,L19-A19),"") -> 0 | P19: =IFERROR(IF(M19="",0,M19-I.T[[#This Row],[Data Expedição]]),"") -> 0 | Q19: =IFERROR(DATE(YEAR(A19),MONTH(A19),1),"") -> 46143 | R19: =IFERROR(IF(H19="Entregue",IF(COUNTIFS(I$2:$I19,I19)>1,"x",1),"x"),"") -> x | S19: 1202 | T19: 7 | U19: LMX | V19: SHOPEE FULL | W19: LIST_06
A20: 46148 | B20: 95355 | C20: Máscara de Hidratação Matizadora Vermelha #todecacho Salon Line 500g | D20: 2 | E20: 1644 | H20: SEM ESTOQUE | O20: =IFERROR(IF(L20="",0,L20-A20),"") -> 0 | P20: =IFERROR(IF(M20="",0,M20-I.T[[#This Row],[Data Expedição]]),"") -> 0 | Q20: =IFERROR(DATE(YEAR(A20),MONTH(A20),1),"") -> 46143 | R20: =IFERROR(IF(H20="Entregue",IF(COUNTIFS(I$2:$I20,I20)>1,"x",1),"x"),"") -> x | S20: 1202 | T20: 7 | U20: LMX | V20: SHOPEE FULL | W20: LIST_06
A21: 46148 | B21: 32895 | C21: Óleo Perfumado Cabelo e Corpo Multy Melancia 120ml | D21: 1 | E21: 576 | G21: 2 | H21: FINALIZADO | O21: =IFERROR(IF(L21="",0,L21-A21),"") -> 0 | P21: =IFERROR(IF(M21="",0,M21-I.T[[#This Row],[Data Expedição]]),"") -> 0 | Q21: =IFERROR(DATE(YEAR(A21),MONTH(A21),1),"") -> 46143 | R21: =IFERROR(IF(H21="Entregue",IF(COUNTIFS(I$2:$I21,I21)>1,"x",1),"x"),"") -> x | S21: 1202 | T21: 7 | U21: LMX | V21: SHOPEE FULL | W21: LIST_06
A22: 46148 | B22: 32193 | C22: Balm Meu Liso Antifrizz 50g | D22: 1 | E22: 2016 | G22: 1 | H22: FINALIZADO | O22: =IFERROR(IF(L22="",0,L22-A22),"") -> 0 | P22: =IFERROR(IF(M22="",0,M22-I.T[[#This Row],[Data Expedição]]),"") -> 0 | Q22: =IFERROR(DATE(YEAR(A22),MONTH(A22),1),"") -> 46143 | R22: =IFERROR(IF(H22="Entregue",IF(COUNTIFS(I$2:$I22,I22)>1,"x",1),"x"),"") -> x | S22: 1202 | T22: 7 | U22: LMX | V22: SHOPEE FULL | W22: LIST_06
A23: 46148 | B23: 33266 | C23: Creme para Pentear Xêrosa Vibes Pop 800g | D23: 2 | E23: 1020 | G23: 2 | H23: FINALIZADO | O23: =IFERROR(IF(L23="",0,L23-A23),"") -> 0 | P23: =IFERROR(IF(M23="",0,M23-I.T[[#This Row],[Data Expedição]]),"") -> 0 | Q23: =IFERROR(DATE(YEAR(A23),MONTH(A23),1),"") -> 46143 | R23: =IFERROR(IF(H23="Entregue",IF(COUNTIFS(I$2:$I23,I23)>1,"x",1),"x"),"") -> x | S23: 1202 | T23: 7 | U23: LMX | V23: SHOPEE FULL | W23: LIST_06
A24: 46148 | B24: 31783 | C24: #todecacho Máscara Matizadora Preta 300g | D24: 1 | E24: 750 | G24: 2 | H24: FINALIZADO | O24: =IFERROR(IF(L24="",0,L24-A24),"") -> 0 | P24: =IFERROR(IF(M24="",0,M24-I.T[[#This Row],[Data Expedição]]),"") -> 0 | Q24: =IFERROR(DATE(YEAR(A24),MONTH(A24),1),"") -> 46143 | R24: =IFERROR(IF(H24="Entregue",IF(COUNTIFS(I$2:$I24,I24)>1,"x",1),"x"),"") -> x | S24: 1202 | T24: 7 | U24: LMX | V24: SHOPEE FULL | W24: LIST_06
A25: 46148 | B25: 32573 | C25: Gelatina Maracujá #todecacho Kids Hidratante 550g | D25: 1 | E25: 558 | G25: 1 | H25: FINALIZADO | O25: =IFERROR(IF(L25="",0,L25-A25),"") -> 0 | P25: =IFERROR(IF(M25="",0,M25-I.T[[#This Row],[Data Expedição]]),"") -> 0 | Q25: =IFERROR(DATE(YEAR(A25),MONTH(A25),1),"") -> 46143 | R25: =IFERROR(IF(H25="Entregue",IF(COUNTIFS(I$2:$I25,I25)>1,"x",1),"x"),"") -> x | S25: 1202 | T25: 7 | U25: LMX | V25: SHOPEE FULL | W25: LIST_06
A26: 46148 | B26: 34850 | C26: Condicionador SOS Cachos Coco Tratamento Profundo Salon Line 300ml | D26: 1 | E26: 624 | G26: 2 | H26: FINALIZADO | O26: =IFERROR(IF(L26="",0,L26-A26),"") -> 0 | P26: =IFERROR(IF(M26="",0,M26-I.T[[#This Row],[Data Expedição]]),"") -> 0 | Q26: =IFERROR(DATE(YEAR(A26),MONTH(A26),1),"") -> 46143 | R26: =IFERROR(IF(H26="Entregue",IF(COUNTIFS(I$2:$I26,I26)>1,"x",1),"x"),"") -> x | S26: 1202 | T26: 7 | U26: LMX | V26: SHOPEE FULL | W26: LIST_06
A27: 46148 | B27: 32628 | C27: Condicionador SOS Cachos De Repente Pronta 500ml | D27: 1 | E27: 528 | G27: 2 | H27: FINALIZADO | O27: =IFERROR(IF(L27="",0,L27-A27),"") -> 0 | P27: =IFERROR(IF(M27="",0,M27-I.T[[#This Row],[Data Expedição]]),"") -> 0 | Q27: =IFERROR(DATE(YEAR(A27),MONTH(A27),1),"") -> 46143 | R27: =IFERROR(IF(H27="Entregue",IF(COUNTIFS(I$2:$I27,I27)>1,"x",1),"x"),"") -> x | S27: 1202 | T27: 7 | U27: LMX | V27: SHOPEE FULL | W27: LIST_06
A28: 46148 | B28: 33267 | C28: Gelatina Xêrosa Vibes Pop 500g | D28: 1 | E28: 492 | G28: 2 | H28: FINALIZADO | O28: =IFERROR(IF(L28="",0,L28-A28),"") -> 0 | P28: =IFERROR(IF(M28="",0,M28-I.T[[#This Row],[Data Expedição]]),"") -> 0 | Q28: =IFERROR(DATE(YEAR(A28),MONTH(A28),1),"") -> 46143 | R28: =IFERROR(IF(H28="Entregue",IF(COUNTIFS(I$2:$I28,I28)>1,"x",1),"x"),"") -> x | S28: 1202 | T28: 7 | U28: LMX | V28: SHOPEE FULL | W28: LIST_06
A29: 46148 | B29: 30360 | C29: Ativador de Cachos SOS Cachos Kids Super Óleos 300ml | D29: 1 | E29: 618 | G29: 1 | H29: FINALIZADO | O29: =IFERROR(IF(L29="",0,L29-A29),"") -> 0 | P29: =IFERROR(IF(M29="",0,M29-I.T[[#This Row],[Data Expedição]]),"") -> 0 | Q29: =IFERROR(DATE(YEAR(A29),MONTH(A29),1),"") -> 46143 | R29: =IFERROR(IF(H29="Entregue",IF(COUNTIFS(I$2:$I29,I29)>1,"x",1),"x"),"") -> x | S29: 1202 | T29: 7 | U29: LMX | V29: SHOPEE FULL | W29: LIST_06
A30: 46148 | B30: 95119 | C30: Gelatina #todecacho Super Definição Salon Line 550g | D30: 3 | E30: 2682 | G30: 1 | H30: FINALIZADO | O30: =IFERROR(IF(L30="",0,L30-A30),"") -> 0 | P30: =IFERROR(IF(M30="",0,M30-I.T[[#This Row],[Data Expedição]]),"") -> 0 | Q30: =IFERROR(DATE(YEAR(A30),MONTH(A30),1),"") -> 46143 | R30: =IFERROR(IF(H30="Entregue",IF(COUNTIFS(I$2:$I30,I30)>1,"x",1),"x"),"") -> x | S30: 1202 | T30: 7 | U30: LMX | V30: SHOPEE FULL | W30: LIST_06
A31: 46148 | B31: 32551 | C31: Creme para Pentear Kids Cachinhos Hidratados Maracujá 1kg | D31: 2 | E31: 708 | G31: 2 | H31: FINALIZADO | O31: =IFERROR(IF(L31="",0,L31-A31),"") -> 0 | P31: =IFERROR(IF(M31="",0,M31-I.T[[#This Row],[Data Expedição]]),"") -> 0 | Q31: =IFERROR(DATE(YEAR(A31),MONTH(A31),1),"") -> 46143 | R31: =IFERROR(IF(H31="Entregue",IF(COUNTIFS(I$2:$I31,I31)>1,"x",1),"x"),"") -> x | S31: 1202 | T31: 7 | U31: LMX | V31: SHOPEE FULL | W31: LIST_06
A32: 46148 | B32: 95085 | C32: Condicionador SOS Bomba Original Salon Line 300ml | D32: 1 | E32: 732 | G32: 1 | H32: FINALIZADO | O32: =IFERROR(IF(L32="",0,L32-A32),"") -> 0 | P32: =IFERROR(IF(M32="",0,M32-I.T[[#This Row],[Data Expedição]]),"") -> 0 | Q32: =IFERROR(DATE(YEAR(A32),MONTH(A32),1),"") -> 46143 | R32: =IFERROR(IF(H32="Entregue",IF(COUNTIFS(I$2:$I32,I32)>1,"x",1),"x"),"") -> x | S32: 1202 | T32: 7 | U32: LMX | V32: SHOPEE FULL | W32: LIST_06
A33: 46148 | B33: 32834 | C33: Salon Line Kids Spray Perfumado Melancia | D33: 1 | E33: 1056 | H33: SEM ESTOQUE | O33: =IFERROR(IF(L33="",0,L33-A33),"") -> 0 | P33: =IFERROR(IF(M33="",0,M33-I.T[[#This Row],[Data Expedição]]),"") -> 0 | Q33: =IFERROR(DATE(YEAR(A33),MONTH(A33),1),"") -> 46143 | R33: =IFERROR(IF(H33="Entregue",IF(COUNTIFS(I$2:$I33,I33)>1,"x",1),"x"),"") -> x | S33: 1202 | T33: 7 | U33: LMX | V33: SHOPEE FULL | W33: LIST_06
A34: 46148 | B34: 32448 | C34: Gelatina Melancia #todecacho Kids Ativadora 550g | D34: 2 | E34: 1584 | G34: 1 | H34: FINALIZADO | O34: =IFERROR(IF(L34="",0,L34-A34),"") -> 0 | P34: =IFERROR(IF(M34="",0,M34-I.T[[#This Row],[Data Expedição]]),"") -> 0 | Q34: =IFERROR(DATE(YEAR(A34),MONTH(A34),1),"") -> 46143 | R34: =IFERROR(IF(H34="Entregue",IF(COUNTIFS(I$2:$I34,I34)>1,"x",1),"x"),"") -> x | S34: 1202 | T34: 7 | U34: LMX | V34: SHOPEE FULL | W34: LIST_06
A35: 46148 | B35: 33107 | C35: Gelatina #todecacho Definição Natural 550g | D35: 7 | E35: 6600 | G35: 1 | H35: FINALIZADO | O35: =IFERROR(IF(L35="",0,L35-A35),"") -> 0 | P35: =IFERROR(IF(M35="",0,M35-I.T[[#This Row],[Data Expedição]]),"") -> 0 | Q35: =IFERROR(DATE(YEAR(A35),MONTH(A35),1),"") -> 46143 | R35: =IFERROR(IF(H35="Entregue",IF(COUNTIFS(I$2:$I35,I35)>1,"x",1),"x"),"") -> x | S35: 1202 | T35: 7 | U35: LMX | V35: SHOPEE FULL | W35: LIST_06
A36: 46148 | B36: 95192 | C36: Máscara Meu Liso Matizadora Loiro Salon Line 300g | D36: 1 | E36: 660 | G36: 2 | H36: FINALIZADO | O36: =IFERROR(IF(L36="",0,L36-A36),"") -> 0 | P36: =IFERROR(IF(M36="",0,M36-I.T[[#This Row],[Data Expedição]]),"") -> 0 | Q36: =IFERROR(DATE(YEAR(A36),MONTH(A36),1),"") -> 46143 | R36: =IFERROR(IF(H36="Entregue",IF(COUNTIFS(I$2:$I36,I36)>1,"x",1),"x"),"") -> x | S36: 1202 | T36: 7 | U36: LMX | V36: SHOPEE FULL | W36: LIST_06
A37: 46148 | B37: 33401 | C37: Creme para Pentear Definição Natural 300ml | D37: 2 | E37: 1710 | G37: 1 | H37: FINALIZADO | O37: =IFERROR(IF(L37="",0,L37-A37),"") -> 0 | P37: =IFERROR(IF(M37="",0,M37-I.T[[#This Row],[Data Expedição]]),"") -> 0 | Q37: =IFERROR(DATE(YEAR(A37),MONTH(A37),1),"") -> 46143 | R37: =IFERROR(IF(H37="Entregue",IF(COUNTIFS(I$2:$I37,I37)>1,"x",1),"x"),"") -> x | S37: 1202 | T37: 7 | U37: LMX | V37: SHOPEE FULL | W37: LIST_06
A38: 46148 | B38: 95007 | C38: Shampoo SOS Bomba Original Salon Line 300ml | D38: 1 | E38: 1392 | G38: 1 | H38: FINALIZADO | O38: =IFERROR(IF(L38="",0,L38-A38),"") -> 0 | P38: =IFERROR(IF(M38="",0,M38-I.T[[#This Row],[Data Expedição]]),"") -> 0 | Q38: =IFERROR(DATE(YEAR(A38),MONTH(A38),1),"") -> 46143 | R38: =IFERROR(IF(H38="Entregue",IF(COUNTIFS(I$2:$I38,I38)>1,"x",1),"x"),"") -> x | S38: 1202 | T38: 7 | U38: LMX | V38: SHOPEE FULL | W38: LIST_06
A39: 46148 | B39: 33260 | C39: Gelatina Xêrosa Baunilha Doce 500g | D39: 3 | E39: 840 | G39: 1 | H39: FINALIZADO | O39: =IFERROR(IF(L39="",0,L39-A39),"") -> 0 | P39: =IFERROR(IF(M39="",0,M39-I.T[[#This Row],[Data Expedição]]),"") -> 0 | Q39: =IFERROR(DATE(YEAR(A39),MONTH(A39),1),"") -> 46143 | R39: =IFERROR(IF(H39="Entregue",IF(COUNTIFS(I$2:$I39,I39)>1,"x",1),"x"),"") -> x | S39: 1202 | T39: 7 | U39: LMX | V39: SHOPEE FULL | W39: LIST_06
A40: 46148 | B40: 32447 | C40: Gelatina Modeladora Uva Todecacho Kids 550g | D40: 3 | E40: 2376 | G40: 2 | H40: FINALIZADO | O40: =IFERROR(IF(L40="",0,L40-A40),"") -> 0 | P40: =IFERROR(IF(M40="",0,M40-I.T[[#This Row],[Data Expedição]]),"") -> 0 | Q40: =IFERROR(DATE(YEAR(A40),MONTH(A40),1),"") -> 46143 | R40: =IFERROR(IF(H40="Entregue",IF(COUNTIFS(I$2:$I40,I40)>1,"x",1),"x"),"") -> x | S40: 1202 | T40: 7 | U40: LMX | V40: SHOPEE FULL | W40: LIST_06
A41: 46148 | B41: 33257 | C41: Body Splash Xêrosa Baunilha Doce 200ml | D41: 1 | E41: 2286 | H41: SEM ESTOQUE | O41: =IFERROR(IF(L41="",0,L41-A41),"") -> 0 | P41: =IFERROR(IF(M41="",0,M41-I.T[[#This Row],[Data Expedição]]),"") -> 0 | Q41: =IFERROR(DATE(YEAR(A41),MONTH(A41),1),"") -> 46143 | R41: =IFERROR(IF(H41="Entregue",IF(COUNTIFS(I$2:$I41,I41)>1,"x",1),"x"),"") -> x | S41: 1202 | T41: 7 | U41: LMX | V41: SHOPEE FULL | W41: LIST_06
A42: 46148 | B42: 33245 | C42: Body Splash Cabelo e Corpo Xêrosa Rosé Intense 200ml | D42: 1 | E42: 972 | G42: 2 | H42: FINALIZADO | O42: =IFERROR(IF(L42="",0,L42-A42),"") -> 0 | P42: =IFERROR(IF(M42="",0,M42-I.T[[#This Row],[Data Expedição]]),"") -> 0 | Q42: =IFERROR(DATE(YEAR(A42),MONTH(A42),1),"") -> 46143 | R42: =IFERROR(IF(H42="Entregue",IF(COUNTIFS(I$2:$I42,I42)>1,"x",1),"x"),"") -> x | S42: 1202 | T42: 7 | U42: LMX | V42: SHOPEE FULL | W42: LIST_06
A43: 46148 | B43: 95238 | C43: Shampoo Meu Liso Muito + Liso Salon Line 300ml | D43: 2 | E43: 2502 | G43: 2 | H43: FINALIZADO | O43: =IFERROR(IF(L43="",0,L43-A43),"") -> 0 | P43: =IFERROR(IF(M43="",0,M43-I.T[[#This Row],[Data Expedição]]),"") -> 0 | Q43: =IFERROR(DATE(YEAR(A43),MONTH(A43),1),"") -> 46143 | R43: =IFERROR(IF(H43="Entregue",IF(COUNTIFS(I$2:$I43,I43)>1,"x",1),"x"),"") -> x | S43: 1202 | T43: 7 | U43: LMX | V43: SHOPEE FULL | W43: LIST_06
A44: 46148 | B44: 43317 | C44: Guanidina Tradicional Super Forte Alisa e Relaxa Salon Line 215gr | D44: 1 | E44: 528 | G44: 2 | H44: FINALIZADO | O44: =IFERROR(IF(L44="",0,L44-A44),"") -> 0 | P44: =IFERROR(IF(M44="",0,M44-I.T[[#This Row],[Data Expedição]]),"") -> 0 | Q44: =IFERROR(DATE(YEAR(A44),MONTH(A44),1),"") -> 46143 | R44: =IFERROR(IF(H44="Entregue",IF(COUNTIFS(I$2:$I44,I44)>1,"x",1),"x"),"") -> x | S44: 1202 | T44: 7 | U44: LMX | V44: SHOPEE FULL | W44: LIST_06
A45: 46148 | B45: 33095 | C45: Óleo Sérum de Tratamento Cachos dos Sonhos Multy Definição Natural 200ml | D45: 2 | E45: 3852 | H45: SEM ESTOQUE | O45: =IFERROR(IF(L45="",0,L45-A45),"") -> 0 | P45: =IFERROR(IF(M45="",0,M45-I.T[[#This Row],[Data Expedição]]),"") -> 0 | Q45: =IFERROR(DATE(YEAR(A45),MONTH(A45),1),"") -> 46143 | R45: =IFERROR(IF(H45="Entregue",IF(COUNTIFS(I$2:$I45,I45)>1,"x",1),"x"),"") -> x | S45: 1202 | T45: 7 | U45: LMX | V45: SHOPEE FULL | W45: LIST_06
A46: 46148 | B46: 33313 | C46: Gelatina Bob Esponja SOS Cachos Kids 400g | D46: 4 | E46: 2826 | G46: 1 | H46: FINALIZADO | O46: =IFERROR(IF(L46="",0,L46-A46),"") -> 0 | P46: =IFERROR(IF(M46="",0,M46-I.T[[#This Row],[Data Expedição]]),"") -> 0 | Q46: =IFERROR(DATE(YEAR(A46),MONTH(A46),1),"") -> 46143 | R46: =IFERROR(IF(H46="Entregue",IF(COUNTIFS(I$2:$I46,I46)>1,"x",1),"x"),"") -> x | S46: 1202 | T46: 7 | U46: LMX | V46: SHOPEE FULL | W46: LIST_06
A47: 46148 | B47: 33299 | C47: SALON LINE SPRAY PERFUMADO UVA KIDS 200ML | D47: 1 | E47: 492 | G47: 1 | H47: FINALIZADO | O47: =IFERROR(IF(L47="",0,L47-A47),"") -> 0 | P47: =IFERROR(IF(M47="",0,M47-I.T[[#This Row],[Data Expedição]]),"") -> 0 | Q47: =IFERROR(DATE(YEAR(A47),MONTH(A47),1),"") -> 46143 | R47: =IFERROR(IF(H47="Entregue",IF(COUNTIFS(I$2:$I47,I47)>1,"x",1),"x"),"") -> x | S47: 1202 | T47: 7 | U47: LMX | V47: SHOPEE FULL | W47: LIST_06
A48: 46148 | B48: 33244 | C48: Body Splash Cabelo e Corpo Xêrosa Flores Brilhantes 200ml | D48: 2 | E48: 2328 | G48: 2 | H48: FINALIZADO | O48: =IFERROR(IF(L48="",0,L48-A48),"") -> 0 | P48: =IFERROR(IF(M48="",0,M48-I.T[[#This Row],[Data Expedição]]),"") -> 0 | Q48: =IFERROR(DATE(YEAR(A48),MONTH(A48),1),"") -> 46143 | R48: =IFERROR(IF(H48="Entregue",IF(COUNTIFS(I$2:$I48,I48)>1,"x",1),"x"),"") -> x | S48: 1202 | T48: 7 | U48: LMX | V48: SHOPEE FULL | W48: LIST_06
A49: 46148 | B49: 32202 | C49: Óleo de Tratamento SOS Cachos Super Óleos 100ml | D49: 1 | E49: 648 | G49: 1 | H49: FINALIZADO | O49: =IFERROR(IF(L49="",0,L49-A49),"") -> 0 | P49: =IFERROR(IF(M49="",0,M49-I.T[[#This Row],[Data Expedição]]),"") -> 0 | Q49: =IFERROR(DATE(YEAR(A49),MONTH(A49),1),"") -> 46143 | R49: =IFERROR(IF(H49="Entregue",IF(COUNTIFS(I$2:$I1345,I49)>1,"x",1),"x"),"") -> x | S49: 1202 | T49: 7 | U49: LMX | V49: SHOPEE FULL | W49: LIST_06 | X49: SHERINK/LACRE
A50: 46148 | B50: 32626 | C50: Óleo Reparador Morango Cachos dos Sonhos Multy Extraordinário 50ml | D50: 1 | E50: 564 | G50: 2 | H50: FINALIZADO | O50: =IFERROR(IF(L50="",0,L50-A50),"") -> 0 | P50: =IFERROR(IF(M50="",0,M50-I.T[[#This Row],[Data Expedição]]),"") -> 0 | Q50: =IFERROR(DATE(YEAR(A50),MONTH(A50),1),"") -> 46143 | R50: =IFERROR(IF(H50="Entregue",IF(COUNTIFS(I$2:$I1345,I50)>1,"x",1),"x"),"") -> x | S50: 1202 | T50: 7 | U50: LMX | V50: SHOPEE FULL | W50: LIST_06 | X50: SHERINK/LACRE
A51: 46148 | B51: 33265 | C51: Óleo de Tratamento Xêrosa Vibes Pop 60ml | D51: 1 | E51: 1032 | G51: 2 | H51: FINALIZADO | O51: =IFERROR(IF(L51="",0,L51-A51),"") -> 0 | P51: =IFERROR(IF(M51="",0,M51-I.T[[#This Row],[Data Expedição]]),"") -> 0 | Q51: =IFERROR(DATE(YEAR(A51),MONTH(A51),1),"") -> 46143 | R51: =IFERROR(IF(H51="Entregue",IF(COUNTIFS(I$2:$I1345,I51)>1,"x",1),"x"),"") -> x | S51: 1202 | T51: 7 | U51: LMX | V51: SHOPEE FULL | W51: LIST_06 | X51: SHERINK/LACRE
A52: 46148 | B52: 32625 | C52: Óleo de Tratamento Banana Cachos dos Sonhos Multy Maravilhas 50ml | D52: 1 | E52: 420 | G52: 2 | H52: FINALIZADO | O52: =IFERROR(IF(L52="",0,L52-A52),"") -> 0 | P52: =IFERROR(IF(M52="",0,M52-I.T[[#This Row],[Data Expedição]]),"") -> 0 | Q52: =IFERROR(DATE(YEAR(A52),MONTH(A52),1),"") -> 46143 | R52: =IFERROR(IF(H52="Entregue",IF(COUNTIFS(I$2:$I336,I52)>1,"x",1),"x"),"") -> x | S52: 1202 | T52: 7 | U52: LMX | V52: SHOPEE FULL | W52: LIST_06 | X52: SHERINK/LACRE
A53: 46148 | B53: 32632 | C53: Óleo Trata e Finaliza SOS Cachos De Repente Pronta 42ml | D53: 1 | E53: 2892 | G53: 2 | H53: FINALIZADO | O53: =IFERROR(IF(L53="",0,L53-A53),"") -> 0 | P53: =IFERROR(IF(M53="",0,M53-I.T[[#This Row],[Data Expedição]]),"") -> 0 | Q53: =IFERROR(DATE(YEAR(A53),MONTH(A53),1),"") -> 46143 | R53: =IFERROR(IF(H53="Entregue",IF(COUNTIFS(I$2:$I1345,I53)>1,"x",1),"x"),"") -> x | S53: 1202 | T53: 7 | U53: LMX | V53: SHOPEE FULL | W53: LIST_06 | X53: SHERINK/LACRE
A54: 46148 | B54: 33258 | C54: Óleo de Tratamento Xêrosa Baunilha Doce 60ml | D54: 1 | E54: 1800 | G54: 2 | H54: FINALIZADO | O54: =IFERROR(IF(L54="",0,L54-A54),"") -> 0 | P54: =IFERROR(IF(M54="",0,M54-I.T[[#This Row],[Data Expedição]]),"") -> 0 | Q54: =IFERROR(DATE(YEAR(A54),MONTH(A54),1),"") -> 46143 | R54: =IFERROR(IF(H54="Entregue",IF(COUNTIFS(I$2:$I1345,I54)>1,"x",1),"x"),"") -> x | S54: 1202 | T54: 7 | U54: LMX | V54: SHOPEE FULL | W54: LIST_06 | X54: SHERINK/LACRE
A55: 46148 | B55: 32443 | C55: Óleo de Tratamento Multifuncional Meu Liso Demais 60ml | D55: 1 | E55: 648 | G55: 2 | H55: FINALIZADO | O55: =IFERROR(IF(L55="",0,L55-A55),"") -> 0 | P55: =IFERROR(IF(M55="",0,M55-I.T[[#This Row],[Data Expedição]]),"") -> 0 | Q55: =IFERROR(DATE(YEAR(A55),MONTH(A55),1),"") -> 46143 | R55: =IFERROR(IF(H55="Entregue",IF(COUNTIFS(I$2:$I1345,I55)>1,"x",1),"x"),"") -> x | S55: 1202 | T55: 7 | U55: LMX | V55: SHOPEE FULL | W55: LIST_06 | X55: SHERINK/LACRE
A57: 46149 | B57: 34627 | C57: Ativador de Cachos SOS Cachos Mel Cachos Intensos Salon Line 300ml | D57: 1 | E57: 60 | F57: =VLOOKUP(I.T[[#This Row],[CODPROD]],[1]Planilha6!$J:$K,2,0) -> 60 | H57: FINALIZADO | O57: =IFERROR(IF(L57="",0,L57-A57),"") -> 0 | P57: =IFERROR(IF(M57="",0,M57-I.T[[#This Row],[Data Expedição]]),"") -> 0 | Q57: =IFERROR(DATE(YEAR(A57),MONTH(A57),1),"") -> 46143 | R57: =IFERROR(IF(H57="Entregue",IF(COUNTIFS(I$2:$I57,I57)>1,"x",1),"x"),"") -> x | S57: 1202 | T57: 7 | U57: LMX | V57: SHOPEE FULL | W57: LIST_07
A58: 46149 | B58: 33274 | C58: Gelatina #todecacho Pink Lemonade 550g | D58: 1 | E58: 24 | F58: =VLOOKUP(I.T[[#This Row],[CODPROD]],[1]Planilha6!$J:$K,2,0) -> 0 | H58: SEM ESTOQUE | O58: =IFERROR(IF(L58="",0,L58-A58),"") -> 0 | P58: =IFERROR(IF(M58="",0,M58-I.T[[#This Row],[Data Expedição]]),"") -> 0 | Q58: =IFERROR(DATE(YEAR(A58),MONTH(A58),1),"") -> 46143 | R58: =IFERROR(IF(H58="Entregue",IF(COUNTIFS(I$2:$I58,I58)>1,"x",1),"x"),"") -> x | S58: 1202 | T58: 7 | U58: LMX | V58: SHOPEE FULL | W58: LIST_07
A59: 46149 | B59: 32488 | C59: Coloração suave Light Color 6.76 Canela | D59: 1 | E59: 18 | F59: =VLOOKUP(I.T[[#This Row],[CODPROD]],[1]Planilha6!$J:$K,2,0) -> 0 | H59: SEM ESTOQUE | O59: =IFERROR(IF(L59="",0,L59-A59),"") -> 0 | P59: =IFERROR(IF(M59="",0,M59-I.T[[#This Row],[Data Expedição]]),"") -> 0 | Q59: =IFERROR(DATE(YEAR(A59),MONTH(A59),1),"") -> 46143 | R59: =IFERROR(IF(H59="Entregue",IF(COUNTIFS(I$2:$I59,I59)>1,"x",1),"x"),"") -> x | S59: 1202 | T59: 7 | U59: LMX | V59: SHOPEE FULL | W59: LIST_07
A60: 46149 | B60: 32622 | C60: Creme de Tratamento Morango 3 em 1 Cachos dos Sonhos Multy Extraordinário 1kg | D60: 1 | E60: 96 | F60: =VLOOKUP(I.T[[#This Row],[CODPROD]],[1]Planilha6!$J:$K,2,0) -> 0 | H60: SEM ESTOQUE | O60: =IFERROR(IF(L60="",0,L60-A60),"") -> 0 | P60: =IFERROR(IF(M60="",0,M60-I.T[[#This Row],[Data Expedição]]),"") -> 0 | Q60: =IFERROR(DATE(YEAR(A60),MONTH(A60),1),"") -> 46143 | R60: =IFERROR(IF(H60="Entregue",IF(COUNTIFS(I$2:$I60,I60)>1,"x",1),"x"),"") -> x | S60: 1202 | T60: 7 | U60: LMX | V60: SHOPEE FULL | W60: LIST_07
A61: 46149 | B61: 43984 | C61: Guanidina Special Girls Relaxer Salon Line 218gr | D61: 1 | E61: 48 | F61: =VLOOKUP(I.T[[#This Row],[CODPROD]],[1]Planilha6!$J:$K,2,0) -> 0 | H61: SEM ESTOQUE | O61: =IFERROR(IF(L61="",0,L61-A61),"") -> 0 | P61: =IFERROR(IF(M61="",0,M61-I.T[[#This Row],[Data Expedição]]),"") -> 0 | Q61: =IFERROR(DATE(YEAR(A61),MONTH(A61),1),"") -> 46143 | R61: =IFERROR(IF(H61="Entregue",IF(COUNTIFS(I$2:$I61,I61)>1,"x",1),"x"),"") -> x | S61: 1202 | T61: 7 | U61: LMX | V61: SHOPEE FULL | W61: LIST_07
A62: 46149 | B62: 33322 | C62: Óleo Sérum Cachos dos Sonhos Pink Lemonade 200ml | D62: 1 | E62: 258 | F62: =VLOOKUP(I.T[[#This Row],[CODPROD]],[1]Planilha6!$J:$K,2,0) -> 258 | H62: FINALIZADO | O62: =IFERROR(IF(L62="",0,L62-A62),"") -> 0 | P62: =IFERROR(IF(M62="",0,M62-I.T[[#This Row],[Data Expedição]]),"") -> 0 | Q62: =IFERROR(DATE(YEAR(A62),MONTH(A62),1),"") -> 46143 | R62: =IFERROR(IF(H62="Entregue",IF(COUNTIFS(I$2:$I62,I62)>1,"x",1),"x"),"") -> x | S62: 1202 | T62: 7 | U62: LMX | V62: SHOPEE FULL | W62: LIST_07
A63: 46149 | B63: 32907 | C63: Kit Shampoo 300ml + Condicionador 200ml SOS Cachos Óleo de Coco | D63: 1 | E63: 120 | F63: =VLOOKUP(I.T[[#This Row],[CODPROD]],[1]Planilha6!$J:$K,2,0) -> 120 | H63: FINALIZADO | O63: =IFERROR(IF(L63="",0,L63-A63),"") -> 0 | P63: =IFERROR(IF(M63="",0,M63-I.T[[#This Row],[Data Expedição]]),"") -> 0 | Q63: =IFERROR(DATE(YEAR(A63),MONTH(A63),1),"") -> 46143 | R63: =IFERROR(IF(H63="Entregue",IF(COUNTIFS(I$2:$I63,I63)>1,"x",1),"x"),"") -> x | S63: 1202 | T63: 7 | U63: LMX | V63: SHOPEE FULL | W63: LIST_07
A64: 46149 | B64: 33557 | C64: #TODECACHO GELATINA SUPER FIXAÇÃO BISNAGA CONDICIONANTE 200g | D64: 1 | E64: 192 | F64: =VLOOKUP(I.T[[#This Row],[CODPROD]],[1]Planilha6!$J:$K,2,0) -> 0 | H64: SEM ESTOQUE | O64: =IFERROR(IF(L64="",0,L64-A64),"") -> 0 | P64: =IFERROR(IF(M64="",0,M64-I.T[[#This Row],[Data Expedição]]),"") -> 0 | Q64: =IFERROR(DATE(YEAR(A64),MONTH(A64),1),"") -> 46143 | R64: =IFERROR(IF(H64="Entregue",IF(COUNTIFS(I$2:$I64,I64)>1,"x",1),"x"),"") -> x | S64: 1202 | T64: 7 | U64: LMX | V64: SHOPEE FULL | W64: LIST_07
A65: 46149 | B65: 32615 | C65: Creme para Pentear Chocolate Kids Cachinhos Nutridos 1kg | D65: 1 | E65: 288 | F65: =VLOOKUP(I.T[[#This Row],[CODPROD]],[1]Planilha6!$J:$K,2,0) -> 288 | H65: FINALIZADO | O65: =IFERROR(IF(L65="",0,L65-A65),"") -> 0 | P65: =IFERROR(IF(M65="",0,M65-I.T[[#This Row],[Data Expedição]]),"") -> 0 | Q65: =IFERROR(DATE(YEAR(A65),MONTH(A65),1),"") -> 46143 | R65: =IFERROR(IF(H65="Entregue",IF(COUNTIFS(I$2:$I65,I65)>1,"x",1),"x"),"") -> x | S65: 1202 | T65: 7 | U65: LMX | V65: SHOPEE FULL | W65: LIST_07
A66: 46149 | B66: 32904 | C66: Kit Shampoo 300ml + Condicionador 200ml SOS Cachos Super Óleos | D66: 1 | E66: 96 | F66: =VLOOKUP(I.T[[#This Row],[CODPROD]],[1]Planilha6!$J:$K,2,0) -> 0 | H66: SEM ESTOQUE | O66: =IFERROR(IF(L66="",0,L66-A66),"") -> 0 | P66: =IFERROR(IF(M66="",0,M66-I.T[[#This Row],[Data Expedição]]),"") -> 0 | Q66: =IFERROR(DATE(YEAR(A66),MONTH(A66),1),"") -> 46143 | R66: =IFERROR(IF(H66="Entregue",IF(COUNTIFS(I$2:$I66,I66)>1,"x",1),"x"),"") -> x | S66: 1202 | T66: 7 | U66: LMX | V66: SHOPEE FULL | W66: LIST_07
A67: 46149 | B67: 32874 | C67: Creme de Tratamento Uva 3 em 1 Cachos dos Sonhos Multy Irresistível 1kg | D67: 1 | E67: 204 | F67: =VLOOKUP(I.T[[#This Row],[CODPROD]],[1]Planilha6!$J:$K,2,0) -> 204 | H67: FINALIZADO | O67: =IFERROR(IF(L67="",0,L67-A67),"") -> 0 | P67: =IFERROR(IF(M67="",0,M67-I.T[[#This Row],[Data Expedição]]),"") -> 0 | Q67: =IFERROR(DATE(YEAR(A67),MONTH(A67),1),"") -> 46143 | R67: =IFERROR(IF(H67="Entregue",IF(COUNTIFS(I$2:$I67,I67)>1,"x",1),"x"),"") -> x | S67: 1202 | T67: 7 | U67: LMX | V67: SHOPEE FULL | W67: LIST_07
A68: 46149 | B68: 32883 | C68: Creme para Pentear Manga Kids Cachinhos Ativados 1kg | D68: 1 | E68: 186 | F68: =VLOOKUP(I.T[[#This Row],[CODPROD]],[1]Planilha6!$J:$K,2,0) -> 186 | H68: FINALIZADO | O68: =IFERROR(IF(L68="",0,L68-A68),"") -> 0 | P68: =IFERROR(IF(M68="",0,M68-I.T[[#This Row],[Data Expedição]]),"") -> 0 | Q68: =IFERROR(DATE(YEAR(A68),MONTH(A68),1),"") -> 46143 | R68: =IFERROR(IF(H68="Entregue",IF(COUNTIFS(I$2:$I68,I68)>1,"x",1),"x"),"") -> x | S68: 1202 | T68: 7 | U68: LMX | V68: SHOPEE FULL | W68: LIST_07
... A120: 46149 | B120: 32259 | C120: Óleo de Tratamento SOS Cachos 10 em 1 Multibenefícios 42ml | D120: 1 | E120: 4488 | F120: =VLOOKUP(I.T[[#This Row],[CODPROD]],[1]Planilha6!$J:$K,2,0) -> 4488 | H120: FINALIZADO | O120: =IFERROR(IF(L120="",0,L120-A120),"") -> 0 | P120: =IFERROR(IF(M120="",0,M120-I.T[[#This Row],[Data Expedição]]),"") -> 0 | Q120: =IFERROR(DATE(YEAR(A120),MONTH(A120),1),"") -> 46143 | R120: =IFERROR(IF(H120="Entregue",IF(COUNTIFS(I$2:$I120,I120)>1,"x",1),"x"),"") -> x | S120: 1202 | T120: 7 | U120: LMX | V120: SHOPEE FULL | W120: LIST_07
A122: 46149 | B122: 33580 | C122: Óleo de Tratamento SOS Cachos Kids Hidratação 42ml | D122: 1 | E122: 3960 | H122: SHERINK SOLICITADO | J122: 46177 | O122: =IFERROR(IF(L122="",0,L122-A122),"") -> 0 | P122: =IFERROR(IF(M122="",0,M122-I.T[[#This Row],[Data Expedição]]),"") -> 0 | Q122: =IFERROR(DATE(YEAR(A122),MONTH(A122),1),"") -> 46143 | R122: =IFERROR(IF(H122="Entregue",IF(COUNTIFS(I$2:$I122,I122)>1,"x",1),"x"),"") -> x | S122: 2196 | T122: 1 | U122: DEVINTEX | V122: SHOPEE FULL | W122: LIST_06 | X122: SHERINK/LACRE
A123: 46149 | B123: 33644 | C123: SALON LINE ÓLEO DEFINIÇÃO NATURAL CONDICIONANTE 50ML | D123: 1 | E123: 2640 | H123: SHERINK SOLICITADO | J123: 46177 | O123: =IFERROR(IF(L123="",0,L123-A123),"") -> 0 | P123: =IFERROR(IF(M123="",0,M123-I.T[[#This Row],[Data Expedição]]),"") -> 0 | Q123: =IFERROR(DATE(YEAR(A123),MONTH(A123),1),"") -> 46143 | R123: =IFERROR(IF(H123="Entregue",IF(COUNTIFS(I$2:$I123,I123)>1,"x",1),"x"),"") -> x | S123: 2196 | T123: 1 | U123: DEVINTEX | V123: SHOPEE FULL | W123: LIST_06 | X123: SHERINK/LACRE
A124: 46149 | B124: 32624 | C124: Óleo Reparador Melancia Cachos dos Sonhos Multy Poderosos 50ml | D124: 1 | E124: 2016 | H124: SHERINK SOLICITADO | J124: 46177 | O124: =IFERROR(IF(L124="",0,L124-A124),"") -> 0 | P124: =IFERROR(IF(M124="",0,M124-I.T[[#This Row],[Data Expedição]]),"") -> 0 | Q124: =IFERROR(DATE(YEAR(A124),MONTH(A124),1),"") -> 46143 | R124: =IFERROR(IF(H124="Entregue",IF(COUNTIFS(I$2:$I124,I124)>1,"x",1),"x"),"") -> x | S124: 2196 | T124: 1 | U124: DEVINTEX | V124: SHOPEE FULL | W124: LIST_06 | X124: SHERINK/LACRE
A125: 46149 | B125: 33251 | C125: Óleo de Tratamento Xêrosa Glamour Chic 60ml | D125: 1 | E125: 1956 | H125: SHERINK SOLICITADO | J125: 46177 | O125: =IFERROR(IF(L125="",0,L125-A125),"") -> 0 | P125: =IFERROR(IF(M125="",0,M125-I.T[[#This Row],[Data Expedição]]),"") -> 0 | Q125: =IFERROR(DATE(YEAR(A125),MONTH(A125),1),"") -> 46143 | R125: =IFERROR(IF(H125="Entregue",IF(COUNTIFS(I$2:$I125,I125)>1,"x",1),"x"),"") -> x | S125: 2196 | T125: 1 | U125: DEVINTEX | V125: SHOPEE FULL | W125: LIST_06 | X125: SHERINK/LACRE
A126: 46149 | B126: 33343 | C126: Óleo de Tratamento Cachos dos Sonhos Multy Pink Fatal 50ml | D126: 1 | E126: 1932 | H126: SHERINK SOLICITADO | J126: 46177 | O126: =IFERROR(IF(L126="",0,L126-A126),"") -> 0 | P126: =IFERROR(IF(M126="",0,M126-I.T[[#This Row],[Data Expedição]]),"") -> 0 | Q126: =IFERROR(DATE(YEAR(A126),MONTH(A126),1),"") -> 46143 | R126: =IFERROR(IF(H126="Entregue",IF(COUNTIFS(I$2:$I126,I126)>1,"x",1),"x"),"") -> x | S126: 2196 | T126: 1 | U126: DEVINTEX | V126: SHOPEE FULL | W126: LIST_06 | X126: SHERINK/LACRE
A127: 46149 | B127: 33596 | C127: SALON LINE ÓLEO CEREJA CONDICIONATE 50ML | D127: 1 | E127: 624 | H127: SHERINK SOLICITADO | J127: 46177 | O127: =IFERROR(IF(L127="",0,L127-A127),"") -> 0 | P127: =IFERROR(IF(M127="",0,M127-I.T[[#This Row],[Data Expedição]]),"") -> 0 | Q127: =IFERROR(DATE(YEAR(A127),MONTH(A127),1),"") -> 46143 | R127: =IFERROR(IF(H127="Entregue",IF(COUNTIFS(I$2:$I127,I127)>1,"x",1),"x"),"") -> x | S127: 2196 | T127: 1 | U127: DEVINTEX | V127: SHOPEE FULL | W127: LIST_06 | X127: SHERINK/LACRE
A128: 46149 | B128: 32892 | C128: Óleo Reparador Uva Cachos dos Sonhos Multy Irresistível 50ml | D128: 1 | E128: 1200 | H128: SHERINK SOLICITADO | J128: 46177 | O128: =IFERROR(IF(L128="",0,L128-A128),"") -> 0 | P128: =IFERROR(IF(M128="",0,M128-I.T[[#This Row],[Data Expedição]]),"") -> 0 | Q128: =IFERROR(DATE(YEAR(A128),MONTH(A128),1),"") -> 46143 | R128: =IFERROR(IF(H128="Entregue",IF(COUNTIFS(I$2:$I128,I128)>1,"x",1),"x"),"") -> x | S128: 2196 | T128: 1 | U128: DEVINTEX | V128: SHOPEE FULL | W128: LIST_06 | X128: SHERINK/LACRE
A130: 46149 | B130: 95109 | C130: Máscara de hidratação Intensa SOS Cachos Kids Hidratação Salon Line 500g | D130: 5 | E130: 4194 | H130: SHERINK SOLICITADO | J130: 46129 | O130: =IFERROR(IF(L130="",0,L130-A130),"") -> 0 | P130: =IFERROR(IF(M130="",0,M130-I.T[[#This Row],[Data Expedição]]),"") -> 0 | Q130: =IFERROR(DATE(YEAR(A130),MONTH(A130),1),"") -> 46143 | R130: =IFERROR(IF(H130="Entregue",IF(COUNTIFS(I$2:$I130,I130)>1,"x",1),"x"),"") -> x | S130: 2196 | T130: 1 | U130: DEVINTEX | V130: SHOPEE FULL | W130: LIST_07 | X130: SHERINK/LACRE
A131: 46149 | B131: 95076 | C131: Creme Para Pentear Definição Intensa Salon Line 1kg | D131: 7 | E131: 3390 | H131: SHERINK SOLICITADO | J131: 46129 | O131: =IFERROR(IF(L131="",0,L131-A131),"") -> 0 | P131: =IFERROR(IF(M131="",0,M131-I.T[[#This Row],[Data Expedição]]),"") -> 0 | Q131: =IFERROR(DATE(YEAR(A131),MONTH(A131),1),"") -> 46143 | R131: =IFERROR(IF(H131="Entregue",IF(COUNTIFS(I$2:$I131,I131)>1,"x",1),"x"),"") -> x | S131: 2196 | T131: 1 | U131: DEVINTEX | V131: SHOPEE FULL | W131: LIST_07 | X131: SHERINK/LACRE
A132: 46149 | B132: 33271 | C132: Creme para Pentear Cachos Ostentação 1kg | D132: 11 | E132: 5190 | H132: SHERINK SOLICITADO | J132: 46129 | O132: =IFERROR(IF(L132="",0,L132-A132),"") -> 0 | P132: =IFERROR(IF(M132="",0,M132-I.T[[#This Row],[Data Expedição]]),"") -> 0 | Q132: =IFERROR(DATE(YEAR(A132),MONTH(A132),1),"") -> 46143 | R132: =IFERROR(IF(H132="Entregue",IF(COUNTIFS(I$2:$I132,I132)>1,"x",1),"x"),"") -> x | S132: 2196 | T132: 1 | U132: DEVINTEX | V132: SHOPEE FULL | W132: LIST_07 | X132: SHERINK/LACRE
A133: 46149 | B133: 95108 | C133: Máscara de hidratação SOS Bomba Original Salon Line 500g | D133: 3 | E133: 1620 | H133: SHERINK SOLICITADO | J133: 46129 | O133: =IFERROR(IF(L133="",0,L133-A133),"") -> 0 | P133: =IFERROR(IF(M133="",0,M133-I.T[[#This Row],[Data Expedição]]),"") -> 0 | Q133: =IFERROR(DATE(YEAR(A133),MONTH(A133),1),"") -> 46143 | R133: =IFERROR(IF(H133="Entregue",IF(COUNTIFS(I$2:$I133,I133)>1,"x",1),"x"),"") -> x | S133: 2196 | T133: 1 | U133: DEVINTEX | V133: SHOPEE FULL | W133: LIST_07 | X133: SHERINK/LACRE
A134: 46149 | B134: 95678 | C134: Creme Para Pentear Kids Cachinhos Definidos Salon Line 1kg | D134: 4 | E134: 1938 | H134: SHERINK SOLICITADO | J134: 46129 | O134: =IFERROR(IF(L134="",0,L134-A134),"") -> 0 | P134: =IFERROR(IF(M134="",0,M134-I.T[[#This Row],[Data Expedição]]),"") -> 0 | Q134: =IFERROR(DATE(YEAR(A134),MONTH(A134),1),"") -> 46143 | R134: =IFERROR(IF(H134="Entregue",IF(COUNTIFS(I$2:$I134,I134)>1,"x",1),"x"),"") -> x | S134: 2196 | T134: 1 | U134: DEVINTEX | V134: SHOPEE FULL | W134: LIST_07 | X134: SHERINK/LACRE
... A140: 46149 | B140: 33107 | C140: Gelatina #todecacho Definição Natural 550g | D140: 7 | E140: 6600 | H140: SHERINK SOLICITADO | J140: 46130 | O140: =IFERROR(IF(L140="",0,L140-A140),"") -> 0 | P140: =IFERROR(IF(M140="",0,M140-I.T[[#This Row],[Data Expedição]]),"") -> 0 | Q140: =IFERROR(DATE(YEAR(A140),MONTH(A140),1),"") -> 46143 | R140: =IFERROR(IF(H140="Entregue",IF(COUNTIFS(I$2:$I140,I140)>1,"x",1),"x"),"") -> x | S140: 2196 | T140: 1 | U140: DEVINTEX | V140: SHOPEE FULL | W140: LIST_07 | X140: SHERINK/LACRE
A142: 46149 | B142: 33589 | C142: SALON LINE MOUSSE DEFINIDOR DEFINIÇÃO NATURAL CONDICIONANTE 240ML | D142: 3 | E142: 4140 | F142: 1ºCarreta | G142: 9452 | H142: FINALIZADO | I142: OC339228 | J142: 46232 | K142: 18343 | L142: 46153 | M142: 46153 | O142: =IFERROR(IF(L142="",0,L142-A142),"") -> 4 | P142: =IFERROR(IF(M142="",0,M142-I.T[[#This Row],[Data Expedição]]),"") -> 0 | Q142: =IFERROR(DATE(YEAR(A142),MONTH(A142),1),"") -> 46143 | R142: =IFERROR(IF(H142="Entregue",IF(COUNTIFS(I$2:$I142,I142)>1,"x",1),"x"),"") -> x | S142: 2196 | T142: 1 | U142: DEVINTEX | V142: SHOPEE FULL | W142: LIST_06
A143: 46149 | B143: 95117 | C143: Condicionador SOS Cachos Kids Hidratação Salon Line 300ml | D143: 3 | E143: 3924 | F143: 1ºCarreta | G143: 9452 | H143: FINALIZADO | I143: OC339228 | J143: 46232 | K143: 18343 | L143: 46153 | M143: 46153 | O143: =IFERROR(IF(L143="",0,L143-A143),"") -> 4 | P143: =IFERROR(IF(M143="",0,M143-I.T[[#This Row],[Data Expedição]]),"") -> 0 | Q143: =IFERROR(DATE(YEAR(A143),MONTH(A143),1),"") -> 46143 | R143: =IFERROR(IF(H143="Entregue",IF(COUNTIFS(I$2:$I143,I143)>1,"x",1),"x"),"") -> x | S143: 2196 | T143: 1 | U143: DEVINTEX | V143: SHOPEE FULL | W143: LIST_06
A144: 46149 | B144: 31690 | C144: Recarga de Queratina Meu Liso Restauração Intensa 80g | D144: 2 | E144: 4716 | F144: 1ºCarreta | G144: 9452 | H144: FINALIZADO | I144: OC339228 | J144: 46232 | K144: 18343 | L144: 46153 | M144: 46153 | O144: =IFERROR(IF(L144="",0,L144-A144),"") -> 4 | P144: =IFERROR(IF(M144="",0,M144-I.T[[#This Row],[Data Expedição]]),"") -> 0 | Q144: =IFERROR(DATE(YEAR(A144),MONTH(A144),1),"") -> 46143 | R144: =IFERROR(IF(H144="Entregue",IF(COUNTIFS(I$2:$I144,I144)>1,"x",1),"x"),"") -> x | S144: 2196 | T144: 1 | U144: DEVINTEX | V144: SHOPEE FULL | W144: LIST_06
A145: 46149 | B145: 33583 | C145: CREME PARA PENTEAR DEFINIÇÃO ALONGADA CACHOS DE SEREIA CONDICIONANTE 1KG | D145: 8 | E145: 3492 | F145: 1ºCarreta | G145: 9452 | H145: FINALIZADO | I145: OC339228 | J145: 46232 | K145: 18343 | L145: 46153 | M145: 46153 | O145: =IFERROR(IF(L145="",0,L145-A145),"") -> 4 | P145: =IFERROR(IF(M145="",0,M145-I.T[[#This Row],[Data Expedição]]),"") -> 0 | Q145: =IFERROR(DATE(YEAR(A145),MONTH(A145),1),"") -> 46143 | R145: =IFERROR(IF(H145="Entregue",IF(COUNTIFS(I$2:$I145,I145)>1,"x",1),"x"),"") -> x | S145: 2196 | T145: 1 | U145: DEVINTEX | V145: SHOPEE FULL | W145: LIST_06
A146: 46149 | B146: 34451 | C146: Creme Relaxante Óleo de Coco e Óleo de Avelã 200gr | D146: 5 | E146: 3246 | F146: 1ºCarreta | G146: 9452 | H146: FINALIZADO | I146: OC339228 | J146: 46232 | K146: 18343 | L146: 46153 | M146: 46153 | O146: =IFERROR(IF(L146="",0,L146-A146),"") -> 4 | P146: =IFERROR(IF(M146="",0,M146-I.T[[#This Row],[Data Expedição]]),"") -> 0 | Q146: =IFERROR(DATE(YEAR(A146),MONTH(A146),1),"") -> 46143 | R146: =IFERROR(IF(H146="Entregue",IF(COUNTIFS(I$2:$I146,I146)>1,"x",1),"x"),"") -> x | S146: 2196 | T146: 1 | U146: DEVINTEX | V146: SHOPEE FULL | W146: LIST_06
A147: 46149 | B147: 33264 | C147: Body Splash Cabelo e Corpo Xêrosa Vibes Pop 200ml | D147: 2 | E147: 2844 | F147: 1ºCarreta | G147: 9452 | H147: FINALIZADO | I147: OC339228 | J147: 46232 | K147: 18343 | L147: 46153 | M147: 46153 | O147: =IFERROR(IF(L147="",0,L147-A147),"") -> 4 | P147: =IFERROR(IF(M147="",0,M147-I.T[[#This Row],[Data Expedição]]),"") -> 0 | Q147: =IFERROR(DATE(YEAR(A147),MONTH(A147),1),"") -> 46143 | R147: =IFERROR(IF(H147="Entregue",IF(COUNTIFS(I$2:$I147,I147)>1,"x",1),"x"),"") -> x | S147: 2196 | T147: 1 | U147: DEVINTEX | V147: SHOPEE FULL | W147: LIST_06
A148: 46149 | B148: 34871 | C148: Condicionador SOS Bomba Original Salon Line 500ml | D148: 4 | E148: 3252 | F148: 1ºCarreta | G148: 9452 | H148: FINALIZADO | I148: OC339228 | J148: 46232 | K148: 18343 | L148: 46153 | M148: 46153 | O148: =IFERROR(IF(L148="",0,L148-A148),"") -> 4 | P148: =IFERROR(IF(M148="",0,M148-I.T[[#This Row],[Data Expedição]]),"") -> 0 | Q148: =IFERROR(DATE(YEAR(A148),MONTH(A148),1),"") -> 46143 | R148: =IFERROR(IF(H148="Entregue",IF(COUNTIFS(I$2:$I148,I148)>1,"x",1),"x"),"") -> x | S148: 2196 | T148: 1 | U148: DEVINTEX | V148: SHOPEE FULL | W148: LIST_06
A149: 46149 | B149: 33584 | C149: CREME PARA PENTEAR DEFINIÇÃO DURADOURA CACHOS A PROVA CONDICIONANTE 1KG | D149: 6 | E149: 2748 | F149: 2ºCarreta | G149: 9453 | H149: FINALIZADO | I149: OC339229 | J149: 46194 | K149: 18303 | L149: 46150 | M149: 46150 | O149: =IFERROR(IF(L149="",0,L149-A149),"") -> 1 | P149: =IFERROR(IF(M149="",0,M149-I.T[[#This Row],[Data Expedição]]),"") -> 0 | Q149: =IFERROR(DATE(YEAR(A149),MONTH(A149),1),"") -> 46143 | R149: =IFERROR(IF(H149="Entregue",IF(COUNTIFS(I$2:$I149,I149)>1,"x",1),"x"),"") -> x | S149: 2196 | T149: 1 | U149: DEVINTEX | V149: SHOPEE FULL | W149: LIST_06
A150: 46149 | B150: 43757 | C150: Defrizante Meu Liso Demais 200ml | D150: 2 | E150: 2910 | F150: 2ºCarreta | G150: 9453 | H150: FINALIZADO | I150: OC339229 | J150: 46194 | K150: 18303 | L150: 46150 | M150: 46150 | O150: =IFERROR(IF(L150="",0,L150-A150),"") -> 1 | P150: =IFERROR(IF(M150="",0,M150-I.T[[#This Row],[Data Expedição]]),"") -> 0 | Q150: =IFERROR(DATE(YEAR(A150),MONTH(A150),1),"") -> 46143 | R150: =IFERROR(IF(H150="Entregue",IF(COUNTIFS(I$2:$I150,I150)>1,"x",1),"x"),"") -> x | S150: 2196 | T150: 1 | U150: DEVINTEX | V150: SHOPEE FULL | W150: LIST_06
A151: 46149 | B151: 95239 | C151: Condicionador Meu Liso Muito + Liso Salon Line 300ml | D151: 2 | E151: 2316 | F151: 2ºCarreta | G151: 9453 | H151: FINALIZADO | I151: OC339229 | J151: 46194 | K151: 18303 | L151: 46150 | M151: 46150 | O151: =IFERROR(IF(L151="",0,L151-A151),"") -> 1 | P151: =IFERROR(IF(M151="",0,M151-I.T[[#This Row],[Data Expedição]]),"") -> 0 | Q151: =IFERROR(DATE(YEAR(A151),MONTH(A151),1),"") -> 46143 | R151: =IFERROR(IF(H151="Entregue",IF(COUNTIFS(I$2:$I151,I151)>1,"x",1),"x"),"") -> x | S151: 2196 | T151: 1 | U151: DEVINTEX | V151: SHOPEE FULL | W151: LIST_06
A152: 46149 | B152: 95407 | C152: Kit Shampoo e Condicionador Hidra Óleo de Coco Salon Line 300ml | D152: 3 | E152: 2136 | F152: 2ºCarreta | G152: 9453 | H152: FINALIZADO | I152: OC339229 | J152: 46194 | K152: 18303 | L152: 46150 | M152: 46150 | O152: =IFERROR(IF(L152="",0,L152-A152),"") -> 1 | P152: =IFERROR(IF(M152="",0,M152-I.T[[#This Row],[Data Expedição]]),"") -> 0 | Q152: =IFERROR(DATE(YEAR(A152),MONTH(A152),1),"") -> 46143 | R152: =IFERROR(IF(H152="Entregue",IF(COUNTIFS(I$2:$I152,I152)>1,"x",1),"x"),"") -> x | S152: 2196 | T152: 1 | U152: DEVINTEX | V152: SHOPEE FULL | W152: LIST_06
A153: 46149 | B153: 95076 | C153: Creme Para Pentear Definição Intensa Salon Line 1kg | D153: 7 | E153: 3396 | F153: 2ºCarreta | G153: 9453 | H153: FINALIZADO | I153: OC339229 | J153: 46194 | K153: 18303 | L153: 46150 | M153: 46150 | O153: =IFERROR(IF(L153="",0,L153-A153),"") -> 1 | P153: =IFERROR(IF(M153="",0,M153-I.T[[#This Row],[Data Expedição]]),"") -> 0 | Q153: =IFERROR(DATE(YEAR(A153),MONTH(A153),1),"") -> 46143 | R153: =IFERROR(IF(H153="Entregue",IF(COUNTIFS(I$2:$I153,I153)>1,"x",1),"x"),"") -> x | S153: 2196 | T153: 1 | U153: DEVINTEX | V153: SHOPEE FULL | W153: LIST_06
... A160: 46149 | B160: 33631 | C160: CREME PARA PENTEAR DEFINIÇÃO IMEDIATA CACHOS COLA CONDICIONANTE 1KG | D160: 4 | E160: 1794 | F160: 3ºCarreta | G160: 9454 | H160: FINALIZADO | I160: OC339230 | J160: 46230 | K160: 18342 | L160: 46153 | M160: 46153 | O160: =IFERROR(IF(L160="",0,L160-A160),"") -> 4 | P160: =IFERROR(IF(M160="",0,M160-I.T[[#This Row],[Data Expedição]]),"") -> 0 | Q160: =IFERROR(DATE(YEAR(A160),MONTH(A160),1),"") -> 46143 | R160: =IFERROR(IF(H160="Entregue",IF(COUNTIFS(I$2:$I160,I160)>1,"x",1),"x"),"") -> x | S160: 2196 | T160: 1 | U160: DEVINTEX | V160: SHOPEE FULL | W160: LIST_06
A161: 46149 | B161: 95619 | C161: Meu Liso Kids Shampoo 300ML | D161: 2 | E161: 2220 | F161: 3ºCarreta | G161: 9454 | H161: FINALIZADO | I161: OC339230 | J161: 46230 | K161: 18342 | L161: 46153 | M161: 46153 | O161: =IFERROR(IF(L161="",0,L161-A161),"") -> 4 | P161: =IFERROR(IF(M161="",0,M161-I.T[[#This Row],[Data Expedição]]),"") -> 0 | Q161: =IFERROR(DATE(YEAR(A161),MONTH(A161),1),"") -> 46143 | R161: =IFERROR(IF(H161="Entregue",IF(COUNTIFS(I$2:$I1345,I161)>1,"x",1),"x"),"") -> x | S161: 2196 | T161: 1 | U161: DEVINTEX | V161: SHOPEE FULL | W161: LIST_06
A162: 46149 | B162: 32441 | C162: Creme Modelador Forte #todecacho Cachos dos Sonhos 500ml | D162: 2 | E162: 1854 | F162: 3ºCarreta | G162: 9454 | H162: FINALIZADO | I162: OC339230 | J162: 46230 | K162: 18342 | L162: 46153 | M162: 46153 | O162: =IFERROR(IF(L162="",0,L162-A162),"") -> 4 | P162: =IFERROR(IF(M162="",0,M162-I.T[[#This Row],[Data Expedição]]),"") -> 0 | Q162: =IFERROR(DATE(YEAR(A162),MONTH(A162),1),"") -> 46143 | R162: =IFERROR(IF(H162="Entregue",IF(COUNTIFS(I$2:$I1345,I162)>1,"x",1),"x"),"") -> x | S162: 2196 | T162: 1 | U162: DEVINTEX | V162: SHOPEE FULL | W162: LIST_06
A163: 46149 | B163: 32647 | C163: Kit Shampoo e Condicionador Melancia #todecacho Kids | D163: 2 | E163: 1602 | F163: 3ºCarreta | G163: 9454 | H163: FINALIZADO | I163: OC339230 | J163: 46230 | K163: 18342 | L163: 46153 | M163: 46153 | O163: =IFERROR(IF(L163="",0,L163-A163),"") -> 4 | P163: =IFERROR(IF(M163="",0,M163-I.T[[#This Row],[Data Expedição]]),"") -> 0 | Q163: =IFERROR(DATE(YEAR(A163),MONTH(A163),1),"") -> 46143 | R163: =IFERROR(IF(H163="Entregue",IF(COUNTIFS(I$2:$I447,I163)>1,"x",1),"x"),"") -> x | S163: 2196 | T163: 1 | U163: DEVINTEX | V163: SHOPEE FULL | W163: LIST_06
A164: 46149 | B164: 95108 | C164: Máscara de hidratação SOS Bomba Original Salon Line 500g | D164: 3 | E164: 1620 | F164: 3ºCarreta | G164: 9454 | H164: FINALIZADO | I164: OC339230 | J164: 46230 | K164: 18342 | L164: 46153 | M164: 46153 | O164: =IFERROR(IF(L164="",0,L164-A164),"") -> 4 | P164: =IFERROR(IF(M164="",0,M164-I.T[[#This Row],[Data Expedição]]),"") -> 0 | Q164: =IFERROR(DATE(YEAR(A164),MONTH(A164),1),"") -> 46143 | R164: =IFERROR(IF(H164="Entregue",IF(COUNTIFS(I$2:$I1345,I164)>1,"x",1),"x"),"") -> x | S164: 2196 | T164: 1 | U164: DEVINTEX | V164: SHOPEE FULL | W164: LIST_06
A165: 46149 | B165: 95678 | C165: Creme Para Pentear Kids Cachinhos Definidos Salon Line 1kg | D165: 4 | E165: 1938 | F165: 3ºCarreta | G165: 9454 | H165: FINALIZADO | I165: OC339230 | J165: 46230 | K165: 18342 | L165: 46153 | M165: 46153 | O165: =IFERROR(IF(L165="",0,L165-A165),"") -> 4 | P165: =IFERROR(IF(M165="",0,M165-I.T[[#This Row],[Data Expedição]]),"") -> 0 | Q165: =IFERROR(DATE(YEAR(A165),MONTH(A165),1),"") -> 46143 | R165: =IFERROR(IF(H165="Entregue",IF(COUNTIFS(I$2:$I451,I165)>1,"x",1),"x"),"") -> x | S165: 2196 | T165: 1 | U165: DEVINTEX | V165: SHOPEE FULL | W165: LIST_06
A166: 46149 | B166: 95620 | C166: Meu Liso Kids Condicionador 300ML | D166: 2 | E166: 2532 | F166: 3ºCarreta | G166: 9454 | H166: FINALIZADO | I166: OC339230 | J166: 46230 | K166: 18342 | L166: 46153 | M166: 46153 | O166: =IFERROR(IF(L166="",0,L166-A166),"") -> 4 | P166: =IFERROR(IF(M166="",0,M166-I.T[[#This Row],[Data Expedição]]),"") -> 0 | Q166: =IFERROR(DATE(YEAR(A166),MONTH(A166),1),"") -> 46143 | R166: =IFERROR(IF(H166="Entregue",IF(COUNTIFS(I$2:$I1345,I166)>1,"x",1),"x"),"") -> x | S166: 2196 | T166: 1 | U166: DEVINTEX | V166: SHOPEE FULL | W166: LIST_06
...

Sheet PRODUCAO_SHRINK
A1: Data Input | B1: CODPROD | C1: DESCRPROD | D1: QTD PALETE COMPRA | E1: QTD UND COMPRA | F1: Veículo | G1: PC | H1: Status | I1: OS | J1: NF | K1: Manifesto | L1: Data Expedição | M1: Data Recebimento | N1: Transportador | O1: LEAD TIME SEPARAÇÃO | P1: LEAD TIME RECEBIMENTO | Q1: Mês | R1: FILIAL | S1: ARMAZÉM | T1: OPERADOR LOGÍSTICO | U1: OPERAÇÃO | V1: LISTA | W1: OBS
A2: 46174 | B2: 32060 | C2: CREME PARA PENTEAR CONDICIONADOR DEFINIÇÃO NATURAL 1KG | D2: 1 | E2: 384 | H2: SHERINK ENVIADO | J2: 46970 | L2: 46175 | O2: =IFERROR(IF(L2="",0,L2-A2),"") -> 1 | P2: =IFERROR(IF(M2="",0,M2-L2),"") -> 0 | Q2: =IFERROR(DATE(YEAR(A2),MONTH(A2),1),"") -> 46174 | R2: 2196 | S2: 1 | T2: DEVINTEX | U2: SHOPEE FULL | V2: LIST_08 | W2: SHERINK/LACRE
A3: 46174 | B3: 95679 | C3: #TODECACHO GELATINA CONDICIONANTE SUPER DEFINICAO 1KG | D3: 1 | E3: 102 | H3: SHERINK ENVIADO | J3: 46970 | L3: 46175 | O3: =IFERROR(IF(L3="",0,L3-A3),"") -> 1 | P3: =IFERROR(IF(M3="",0,M3-L3),"") -> 0 | Q3: =IFERROR(DATE(YEAR(A3),MONTH(A3),1),"") -> 46174 | R3: 2196 | S3: 1 | T3: DEVINTEX | U3: SHOPEE FULL | V3: LIST_08 | W3: SHERINK/LACRE
A4: 46174 | B4: 32247 | C4: CREME PARA PENTEAR CONDICIONADOR DEFINIÇÃO EXTRAORDINÁRIA 1KG | D4: 1 | E4: 24 | H4: SHERINK ENVIADO | J4: 46970 | L4: 46175 | O4: =IFERROR(IF(L4="",0,L4-A4),"") -> 1 | P4: =IFERROR(IF(M4="",0,M4-L4),"") -> 0 | Q4: =IFERROR(DATE(YEAR(A4),MONTH(A4),1),"") -> 46174 | R4: 2196 | S4: 1 | T4: DEVINTEX | U4: SHOPEE FULL | V4: LIST_08 | W4: SHERINK/LACRE
A5: 46174 | B5: 34988 | C5: SOS HIDRATACAO MASCARA CONDICIONANTE OLEO DE RICINO 1KG | D5: 1 | E5: 24 | H5: SHERINK ENVIADO | J5: 46970 | L5: 46175 | O5: =IFERROR(IF(L5="",0,L5-A5),"") -> 1 | P5: =IFERROR(IF(M5="",0,M5-L5),"") -> 0 | Q5: =IFERROR(DATE(YEAR(A5),MONTH(A5),1),"") -> 46174 | R5: 2196 | S5: 1 | T5: DEVINTEX | U5: SHOPEE FULL | V5: LIST_08 | W5: SHERINK/LACRE
A6: 46174 | B6: 34768 | C6: BOMBA MASCARA CONDICIONANTE ORIGINAL 1KG | D6: 1 | E6: 372 | H6: SHERINK ENVIADO | J6: 46970 | L6: 46175 | O6: =IFERROR(IF(L6="",0,L6-A6),"") -> 1 | P6: =IFERROR(IF(M6="",0,M6-L6),"") -> 0 | Q6: =IFERROR(DATE(YEAR(A6),MONTH(A6),1),"") -> 46174 | R6: 2196 | S6: 1 | T6: DEVINTEX | U6: SHOPEE FULL | V6: LIST_08 | W6: SHERINK/LACRE
A7: 46174 | B7: 33271 | C7: CREME PARA PENTEAR CACHOS OSTENTAÇÃO 1KG | D7: 1 | E7: 420 | H7: SHERINK ENVIADO | J7: 46970 | L7: 46175 | O7: =IFERROR(IF(L7="",0,L7-A7),"") -> 1 | P7: =IFERROR(IF(M7="",0,M7-L7),"") -> 0 | Q7: =IFERROR(DATE(YEAR(A7),MONTH(A7),1),"") -> 46174 | R7: 2196 | S7: 1 | T7: DEVINTEX | U7: SHOPEE FULL | V7: LIST_08 | W7: SHERINK/LACRE
A8: 46174 | B8: 34682 | C8: SOS CACHOS ATIVADOR CONDICIONADOR SUPER ÓLEOS 1KG | D8: 1 | E8: 150 | H8: SHERINK ENVIADO | J8: 46970 | L8: 46175 | O8: =IFERROR(IF(L8="",0,L8-A8),"") -> 1 | P8: =IFERROR(IF(M8="",0,M8-L8),"") -> 0 | Q8: =IFERROR(DATE(YEAR(A8),MONTH(A8),1),"") -> 46174 | R8: 2196 | S8: 1 | T8: DEVINTEX | U8: SHOPEE FULL | V8: LIST_08 | W8: SHERINK/LACRE
A9: 46174 | B9: 33584 | C9: CREME PARA PENTEAR CONDICIONANTE DEFINIÇÃO A PROVA 1KG | D9: 1 | E9: 234 | H9: SHERINK ENVIADO | J9: 46970 | L9: 46175 | O9: =IFERROR(IF(L9="",0,L9-A9),"") -> 1 | P9: =IFERROR(IF(M9="",0,M9-L9),"") -> 0 | Q9: =IFERROR(DATE(YEAR(A9),MONTH(A9),1),"") -> 46174 | R9: 2196 | S9: 1 | T9: DEVINTEX | U9: SHOPEE FULL | V9: LIST_08 | W9: SHERINK/LACRE
A10: 46174 | B10: 34936 | C10: SOS HIDRATACAO MASCARA CONDICIONANTE AZEITE DE OLIVA 1KG | D10: 1 | E10: 90 | H10: SHERINK ENVIADO | J10: 46970 | L10: 46175 | O10: =IFERROR(IF(L10="",0,L10-A10),"") -> 1 | P10: =IFERROR(IF(M10="",0,M10-L10),"") -> 0 | Q10: =IFERROR(DATE(YEAR(A10),MONTH(A10),1),"") -> 46174 | R10: 2196 | S10: 1 | T10: DEVINTEX | U10: SHOPEE FULL | V10: LIST_08 | W10: SHERINK/LACRE
A11: 46174 | B11: 33631 | C11: CREME PARA PENTEAR CONDICIONANTE DEFINIÇÃO COLA 1KG | D11: 1 | E11: 72 | H11: SHERINK ENVIADO | J11: 46970 | L11: 46175 | O11: =IFERROR(IF(L11="",0,L11-A11),"") -> 1 | P11: =IFERROR(IF(M11="",0,M11-L11),"") -> 0 | Q11: =IFERROR(DATE(YEAR(A11),MONTH(A11),1),"") -> 46174 | R11: 2196 | S11: 1 | T11: DEVINTEX | U11: SHOPEE FULL | V11: LIST_08 | W11: SHERINK/LACRE
A12: 46174 | B12: 30851 | C12: #TODECACHO MASCARA CONDICIONANTE MATIZ MARSALA ROXO MAIONESE 500GR | D12: 1 | E12: 42 | H12: SHERINK ENVIADO | J12: 46970 | L12: 46175 | O12: =IFERROR(IF(L12="",0,L12-A12),"") -> 1 | P12: =IFERROR(IF(M12="",0,M12-L12),"") -> 0 | Q12: =IFERROR(DATE(YEAR(A12),MONTH(A12),1),"") -> 46174 | R12: 2196 | S12: 1 | T12: DEVINTEX | U12: SHOPEE FULL | V12: LIST_08 | W12: SHERINK/LACRE
A13: 46174 | B13: 95092 | C13: SOS CACHOS ATIVADOR CONDICIONADOR DE CACHOS ARGININA 1KG | D13: 1 | E13: 240 | H13: SHERINK ENVIADO | J13: 46970 | L13: 46175 | O13: =IFERROR(IF(L13="",0,L13-A13),"") -> 1 | P13: =IFERROR(IF(M13="",0,M13-L13),"") -> 0 | Q13: =IFERROR(DATE(YEAR(A13),MONTH(A13),1),"") -> 46174 | R13: 2196 | S13: 1 | T13: DEVINTEX | U13: SHOPEE FULL | V13: LIST_08 | W13: SHERINK/LACRE
... A76: 46183 | B76: 33275 | C76: #TODECACHO GELATINA CONDICIONANTE CACHOS | D76: 1 | E76: 222 | H76: SHERINK ENVIADO | J76: 47218 | L76: 46183 | O76: =IFERROR(IF(L76="",0,L76-A76),"") -> 0 | P76: =IFERROR(IF(M76="",0,M76-L76),"") -> 0 | Q76: =IFERROR(DATE(YEAR(A76),MONTH(A76),1),"") -> 46174 | R76: 2196 | S76: 1 | T76: DEVINTEX | U76: SHOPEE FULL | V76: LIST_08 | W76: SHERINK/LACRE
A78: 46183 | B78: 32920 | C78: Creme Pentear Oleo Extraordinario Uva + Melancia Salon Line | D78: 1 | E78: 432 | H78: SHERINK ENVIADO | L78: 46183 | O78: =IFERROR(IF(L78="",0,L78-A78),"") -> 0 | P78: =IFERROR(IF(M78="",0,M78-L78),"") -> 0 | Q78: =IFERROR(DATE(YEAR(A78),MONTH(A78),1),"") -> 46174 | R78: 2196 | S78: 1 | T78: DEVINTEX | U78: MELI FULL | V78: MELI_01 | W78: SHERINK/LACRE
A80: 46167 | B80: 34847 | C80: Cremascara 2 Em 1 S.O.S Cachos Super Oleos 1kg Salon Line | D80: 1 | E80: 102 | H80: SHERINK SOLICITADO | O80: =IFERROR(IF(L80="",0,L80-A80),"") -> 0 | P80: =IFERROR(IF(M80="",0,M80-L80),"") -> 0 | Q80: =IFERROR(DATE(YEAR(A80),MONTH(A80),1),"") -> 46143 | R80: 2196 | S80: 1 | T80: DEVINTEX | U80: MELI FULL | V80: MELI_01 | W80: SHERINK/LACRE
A81: 46167 | B81: 95701 | C81: Creme Para Pentear Definicao Maxima 1kg - Salon Line | D81: 1 | E81: 42 | H81: SHERINK SOLICITADO | O81: =IFERROR(IF(L81="",0,L81-A81),"") -> 0 | P81: =IFERROR(IF(M81="",0,M81-L81),"") -> 0 | Q81: =IFERROR(DATE(YEAR(A81),MONTH(A81),1),"") -> 46143 | R81: 2196 | S81: 1 | T81: DEVINTEX | U81: MELI FULL | V81: MELI_01 | W81: SHERINK/LACRE
A82: 46167 | B82: 33107 | C82: Gelatina #Todecacho Definicao Natural 550g Salon Line | D82: 2 | E82: 1374 | H82: SHERINK SOLICITADO | O82: =IFERROR(IF(L82="",0,L82-A82),"") -> 0 | P82: =IFERROR(IF(M82="",0,M82-L82),"") -> 0 | Q82: =IFERROR(DATE(YEAR(A82),MONTH(A82),1),"") -> 46143 | R82: 2196 | S82: 1 | T82: DEVINTEX | U82: MELI FULL | V82: MELI_01 | W82: SHERINK/LACRE
A83: 46167 | B83: 32060 | C83: Creme Para Pentear Definicao Natural Salon Line Cachos 1kg | D83: 17 | E83: 6414 | H83: SHERINK SOLICITADO | O83: =IFERROR(IF(L83="",0,L83-A83),"") -> 0 | P83: =IFERROR(IF(M83="",0,M83-L83),"") -> 0 | Q83: =IFERROR(DATE(YEAR(A83),MONTH(A83),1),"") -> 46143 | R83: 2196 | S83: 1 | T83: DEVINTEX | U83: MELI FULL | V83: MELI_01 | W83: SHERINK/LACRE
A84: 46167 | B84: 32446 | C84: Creme Pentear Cachinhos Kids Cheirinho Uva Salon Line 1kg | D84: 1 | E84: 24 | H84: SHERINK SOLICITADO | O84: =IFERROR(IF(L84="",0,L84-A84),"") -> 0 | P84: =IFERROR(IF(M84="",0,M84-L84),"") -> 0 | Q84: =IFERROR(DATE(YEAR(A84),MONTH(A84),1),"") -> 46143 | R84: 2196 | S84: 1 | T84: DEVINTEX | U84: MELI FULL | V84: MELI_01 | W84: SHERINK/LACRE
A85: 46167 | B85: 95678 | C85: Creme Para Pentear Kids Cachinhos Definidos Salon Line 1kg | D85: 1 | E85: 30 | H85: SHERINK SOLICITADO | O85: =IFERROR(IF(L85="",0,L85-A85),"") -> 0 | P85: =IFERROR(IF(M85="",0,M85-L85),"") -> 0 | Q85: =IFERROR(DATE(YEAR(A85),MONTH(A85),1),"") -> 46143 | R85: 2196 | S85: 1 | T85: DEVINTEX | U85: MELI FULL | V85: MELI_01 | W85: SHERINK/LACRE
A86: 46167 | B86: 95076 | C86: Creme Para Pentear Definição Intensa Salon Line 1kg | D86: 1 | E86: 42 | H86: SHERINK SOLICITADO | O86: =IFERROR(IF(L86="",0,L86-A86),"") -> 0 | P86: =IFERROR(IF(M86="",0,M86-L86),"") -> 0 | Q86: =IFERROR(DATE(YEAR(A86),MONTH(A86),1),"") -> 46143 | R86: 2196 | S86: 1 | T86: DEVINTEX | U86: MELI FULL | V86: MELI_01 | W86: SHERINK/LACRE
A87: 46167 | B87: 31716 | C87: CREME PARA PENTEAR DEFINIÇÃO ANTIFRIZZ 1KG | D87: 1 | E87: 42 | H87: SHERINK SOLICITADO | O87: =IFERROR(IF(L87="",0,L87-A87),"") -> 0 | P87: =IFERROR(IF(M87="",0,M87-L87),"") -> 0 | Q87: =IFERROR(DATE(YEAR(A87),MONTH(A87),1),"") -> 46143 | R87: 2196 | S87: 1 | T87: DEVINTEX | U87: MELI FULL | V87: MELI_01 | W87: SHERINK/LACRE
A88: 46167 | B88: 34491 | C88: Creme De Pentear, Hidratacao Profunda, Salon Line, 1kg | D88: 1 | E88: 48 | H88: SHERINK SOLICITADO | O88: =IFERROR(IF(L88="",0,L88-A88),"") -> 0 | P88: =IFERROR(IF(M88="",0,M88-L88),"") -> 0 | Q88: =IFERROR(DATE(YEAR(A88),MONTH(A88),1),"") -> 46143 | R88: 2196 | S88: 1 | T88: DEVINTEX | U88: MELI FULL | V88: MELI_01 | W88: SHERINK/LACRE
A89: 46167 | B89: 34768 | C89: Salon Line Bomba Mascara Condicionante Original 1kg | D89: 1 | E89: 48 | H89: SHERINK SOLICITADO | O89: =IFERROR(IF(L89="",0,L89-A89),"") -> 0 | P89: =IFERROR(IF(M89="",0,M89-L89),"") -> 0 | Q89: =IFERROR(DATE(YEAR(A89),MONTH(A89),1),"") -> 46143 | R89: 2196 | S89: 1 | T89: DEVINTEX | U89: MELI FULL | V89: MELI_01 | W89: SHERINK/LACRE
A90: 46167 | B90: 32447 | C90: Gelatina Modeladora Salon Line Kids #Todecacho Uva 550g | D90: 1 | E90: 54 | H90: SHERINK SOLICITADO | O90: =IFERROR(IF(L90="",0,L90-A90),"") -> 0 | P90: =IFERROR(IF(M90="",0,M90-L90),"") -> 0 | Q90: =IFERROR(DATE(YEAR(A90),MONTH(A90),1),"") -> 46143 | R90: 2196 | S90: 1 | T90: DEVINTEX | U90: MELI FULL | V90: MELI_01 | W90: SHERINK/LACRE
A91: 46167 | B91: 32199 | C91: Gelatina Ativadora Sos Cachos Super Oleos Salon Line 400g | D91: 1 | E91: 72 | H91: SHERINK SOLICITADO | O91: =IFERROR(IF(L91="",0,L91-A91),"") -> 0 | P91: =IFERROR(IF(M91="",0,M91-L91),"") -> 0 | Q91: =IFERROR(DATE(YEAR(A91),MONTH(A91),1),"") -> 46143 | R91: 2196 | S91: 1 | T91: DEVINTEX | U91: MELI FULL | V91: MELI_01 | W91: SHERINK/LACRE
... A228: 46183 | B228: 33321 | C228: CACHOS DOS SONHOS - CREME CONDICIONADOR DE TRATAMENTO MULTY PINK LEMONADE 1KG | D228: 1 | E228: 24 | H228: SHERINK SOLICITADO | O228: =IFERROR(IF(L228="",0,L228-A228),"") -> 0 | P228: =IFERROR(IF(M228="",0,M228-L228),"") -> 0 | Q228: =IFERROR(DATE(YEAR(A228),MONTH(A228),1),"") -> 46174 | R228: 2196 | S228: 1 | T228: DEVINTEX | U228: SHOPEE FULL | V228: LIST_09 | W228: SHERINK/LACRE

Sheet EST_MERCOCAMP
A1: Produto | B1: Tipo | C1: Local | D1: Quant.TOTVS | E1: Quant.Endereco | F1: Saldo Bloqueado | G1: Movimento | H1: Descricao | I1: Status | J1: Exportacao | K1: Local Pick
A2: 95604 | B2: 95604-HIDRA CR PENTEAR COCO 1L | C2: C | D2: DELISTADO | E2: 0 | F2: 0 | G2: 0 | H2: ESCOVA PROF CERAMIC,SUP PRO,LARANJA,19D | I2: ATIVO | J2: NAO
A3: 34762 | B3: 34762-BOMBA SH DETOX 300ML | C3: C | D3: INATIVO | E3: 0 | F3: 0 | G3: 0 | H3: ESCOVA PROF CERAMIC,SUP PRO, LARANJA,33D | I3: ATIVO | J3: NAO
A4: 34566 | B4: 34566-SOS ATIVADOR TEEN 300ML.. -xz | C4: C | D4: INATIVO | E4: 0 | F4: 0 | G4: 0 | H4: ESCOVA PROF CERAMIC,CLASSIC, 19D | I4: ATIVO | J4: NAO
A5: 95169 | B5: 95169-SOS SH ÓLEO DE RÍCINO E QUERATINA 300ML.. -xz | C5: C | D5: INATIVO | E5: 0 | F5: 0 | G5: 0 | H5: ESCOVA PROF CERAMIC,CLASSIC, 33D | I5: ATIVO | J5: NAO
A6: 95170 | B6: 95170-SOS COND ÓLEO DE RÍCINO E QUERATINA 300ML.. -xz | C6: C | D6: INATIVO | E6: 0 | F6: 0 | G6: 0 | H6: ESCOVA PROF CERAMIC TOURMALINE, 19D | I6: ATIVO | J6: NAO
A7: 95171 | B7: 95171-SOS MASC ÓLEO DE RÍCINO E QUERATINA 500GR.. -xz | C7: C | D7: INATIVO | E7: 0 | F7: 0 | G7: 0 | H7: ESCOVA PROF CERAMIC TOURMALINE, 27D | I7: ATIVO | J7: NAO
A8: 34702 | B8: 34702-SOS GEL CONTROLE DE FRIZZ ÓLEO DE MANGA 320G | C8: C | D8: INATIVO | E8: 0 | F8: 0 | G8: 0 | H8: ESCOVA PROF CERAMIC TOURMALINE, 33D | I8: ATIVO | J8: NAO
A9: 95115 | B9: 95115-#TODECACHINHO CREME PARA PENTEAR KIDS AVENTURA NO BANHO 300ML | C9: C | D9: INATIVO | E9: 0 | F9: 0 | G9: 0 | H9: ESCOVA PROF CERAMIC, COLORS, 19D | I9: ATIVO | J9: NAO
A10: 95153 | B10: 95153-#TODECACHO MASC MAIONESE NUTRICAO POWER 500ML | C10: C | D10: INATIVO | E10: 0 | F10: 0 | G10: 0 | H10: ESCOVA PROF CERAMIC, COLORS, 27D | I10: ATIVO | J10: NAO
A11: 34922 | B11: 34922-#TODECACHINHO SH KIDS AVENTURA NO BANHO 300ML | C11: C | D11: INATIVO | E11: 0 | F11: 0 | G11: 0 | H11: ESCOVA PROF CERAMIC, COLORS, 33D | I11: ATIVO | J11: NAO
A12: 95266 | B12: 95266-#TODECACHINHO COND BABY 300ML | C12: C | D12: INATIVO | E12: 0 | F12: 0 | G12: 0 | H12: ESCOVA PROF METALICA GOLD, 19D | I12: ATIVO | J12: NAO
A13: 31784 | B13: 31784-#TODECACHO MÁSCARA MATIZADORA AZUL, 300G | C13: C | D13: INATIVO | E13: 0 | F13: 0 | G13: 0 | H13: ESCOVA PROF METALICA GOLD, 33D | I13: ATIVO | J13: NAO
... A68: 43460 | B68: 43460-GUANIDINA EXTRA CONDITIONING SUPER (A+N) 215GR | C68: C | D68: INATIVO | E68: 4648 | F68: 0 | G68: 0 | H68: MEU LISO DEFRIZANTE CONDICIONADOR PROTECAO TOTAL 200ML | I68: ATIVO | J68: NAO
A69: 43459 | B69: 43459-GUANIDINA EXTRA CONDITIONING REGULAR (A+N) 218GR | C69: C | D69: INATIVO | E69: 1284 | F69: 0 | G69: 0 | H69: MEU LISO SHAMPOO ANTIQUEDA 300ML | I69: ATIVO | J69: NAO | K69: ZVJ02510
A70: 34306 | B70: 34306-HIDROXIDO DE SODIO TRADICIONAL REGULAR 400GR | C70: C | D70: INATIVO | E70: 0 | F70: 0 | G70: 0 | H70: MEU LISO CONDICIONADOR ANTIQUEDA 300ML | I70: ATIVO | J70: NAO | K70: VVV00100
A71: 34310 | B71: 34310-HIDROXIDO DE SODIO MANGA REGULAR (N) 250GR | C71: C | D71: INATIVO | E71: 0 | F71: 0 | G71: 0 | H71: MEU LISO SH CRESCIMENTO SAUDAVEL 300ML | I71: ATIVO | J71: NAO
A72: 34484 | B72: 34484-COLOR EXPRESS KIT FUN VIOLET FANTASY | C72: C | D72: INATIVO | E72: 0 | F72: 0 | G72: 0 | H72: MEU LISO CONDICIONADOR CRESCIMENTO SAUDAVEL 300ML | I72: ATIVO | J72: NAO
A73: 31764 | B73: 31764-#TODECACHINHO KIT SH+COND KIDS AVENTURA BANHO 300ML | C73: C | D73: INATIVO | E73: 0 | F73: 0 | G73: 0 | H73: MEU LISO MASCARA CONDICIONANTE CRESCIMENTO SAUDAVEL 300GR | I73: ATIVO | J73: NAO
A74: 31658 | B74: 31658-MEU LISO CONDICIONADOR MATIZADOR PRETO 300ML.. -xz | C74: C | D74: INATIVO | E74: 0 | F74: 0 | G74: 0 | H74: BOMBA DEFRIZANTE CONDICIONADOR ORIGINAL CRESCIMENTO 200ML | I74: ATIVO | J74: NAO
A75: 31669 | B75: 31669-MEU LISINHO GELATINA GLITTER IMAGINAÇÃO E DIVERSÃO 300GR | C75: C | D75: INATIVO | E75: 0 | F75: 0 | G75: 0 | H75: BOMBA ATIVADOR CONDICIONADOR ORIGINAL CRESCIMENTO 300ML | I75: ATIVO | J75: NAO | K75: ZVD06110
A76: 31676 | B76: 31676-#TODECACHO CR DEFINID ESTILIZ EFEITO DEFRIZANTE 300GR | C76: C | D76: INATIVO | E76: 0 | F76: 0 | G76: 0 | H76: BOMBA KIT SHAMPOO+CONDICIONADOR ANTIQUEDA E RESISTENCIA 200ML | I76: ATIVO | J76: NAO | K76: ZVI02210
A77: 31712 | B77: 31712-SOS MASC COND ARGININA 1KG .. -xz | C77: C | D77: INATIVO | E77: 0 | F77: 0 | G77: 0 | H77: #TODECACHO GELATINA CONDICIONADOR SUPER FIXACAO 300GR | I77: ATIVO | J77: NAO | K77: ZVG06910
A78: 31787 | B78: 31787-S.O.S CACHOS RECARGA DE QUERATINA, 80G | C78: C | D78: DELISTADO | E78: 0 | F78: 0 | G78: 0 | H78: #TODECACHO GELATINA CONDICIONADOR ALTA DEFINICAO 320GR | I78: ATIVO | J78: NAO | K78: ZVH01710
A79: 32042 | B79: 32042-BOMBA CR PENTEAR FORÇA E ENGROSSAMENTO 300ML | C79: C | D79: INATIVO | E79: 0 | F79: 0 | G79: 0 | H79: #TODECACHO ATIVADOR CONDICIONADOR DAY AFTER 400ML | I79: ATIVO | J79: NAO
A80: 32061 | B80: 32061-BOMBA TÔNICO FORÇA E ENGROSSAMENTO 100ML | C80: C | D80: INATIVO | E80: 0 | F80: 0 | G80: 0 | H80: COLOR EXPRESS KIT FUN BLUE ROCK E PINK SHOW | I80: ATIVO | J80: NAO
A81: 32005 | B81: 32005-#TODECACHO SH HIDRATAÇÃO 250ML | C81: C | D81: INATIVO | E81: 0 | F81: 0 | G81: 0 | H81: #TODECACHO ATIVADOR CONDICIONADOR DEFINICAO PROLONGADA 300ML | I81: ATIVO | J81: NAO
A82: 32006 | B82: 32006-#TODECACHO SH NUTRIÇÃO 250ML | C82: C | D82: INATIVO | E82: 0 | F82: 0 | G82: 0 | H82: #TODECACHO CREME PENTEAR CONDICIONADOR DEFINICAO PROLONGADA 300ML | I82: ATIVO | J82: NAO
A83: 32007 | B83: 32007-#TODECACHO SH REPARAÇÃO 250ML | C83: C | D83: INATIVO | E83: 0 | F83: 0 | G83: 0 | H83: SOS SH CACHOS + DEFINIDOS 300ML | I83: ATIVO | J83: NAO
A84: 32008 | B84: 32008-#TODECACHO COND REPARAÇÃO 250ML | C84: C | D84: INATIVO | E84: 0 | F84: 0 | G84: 0 | H84: SOS CONDICIONADOR CACHOS + DEFINIDOS 300ML | I84: ATIVO | J84: NAO
A85: 32037 | B85: 32037-#TODECACHO MÁSCARA HIDRATAÇÃO 300G | C85: C | D85: INATIVO | E85: 0 | F85: 0 | G85: 0 | H85: SOS CR PENTEAR CONDICIONADOR CACHOS + DEFINIDOS 300ML | I85: ATIVO | J85: NAO
A86: 32067 | B86: 32067-#TODECACHO CR PENTEAR CRESPISSIMO PODEROSO 300ML | C86: C | D86: INATIVO | E86: 0 | F86: 0 | G86: 0 | H86: SOS ATIVADOR CONDICIONADOR CACHOS + DEFINIDOS 300ML | I86: ATIVO | J86: NAO
A87: 32045 | B87: 32045-#TODECACHO CR PENTEAR DE COCO 300ML | C87: C | D87: INATIVO | E87: 0 | F87: 0 | G87: 0 | H87: COLOR TOTAL KIT 5.77 MARRON BROWNIE | I87: ATIVO | J87: NAO
A88: 32046 | B88: 32046-#TODECACHO CR PENTEAR BABOSA 300ML | C88: C | D88: INATIVO | E88: 0 | F88: 0 | G88: 0 | H88: KIT COLOR TOTAL 8.31 BEGE PEROLA SL | I88: INATIVO | J88: NAO
A89: 32047 | B89: 32047-#TODECACHO CR PENTEAR VINAGRE DE MAÇÃ 300ML | C89: C | D89: INATIVO | E89: 0 | F89: 0 | G89: 0 | H89: COLOR TOTAL KIT 7.66 VERMELHO SEDUCAO | I89: ATIVO | J89: NAO
A90: 32053 | B90: 32053-#TODECACHO ATIVADOR DE CACHOS COCO 300ML | C90: C | D90: INATIVO | E90: 0 | F90: 0 | G90: 0 | H90: S.LINE KIT RELAXER GUANIDINA PROF MANGA | I90: INATIVO | J90: NAO
... A103: 32440 | B103: 32440-#TODECACHO GELCREME MODELA CONDICIONADOR CACHOS DOS SONHOS EXFORTE300G | C103: C | D103: INATIVO | E103: 0 | F103: 0 | G103: 0 | H103: CREME ALISANTE MANGA MEDIO POTE 1KG | I103: INATIVO | J103: NAO
A104: 32437 | B104: 32437-#TODECACHO GELATINA CONDICIONADOR FRIZZ CONTROL 310GR | C104: C | D104: INATIVO | E104: 0 | F104: 0 | G104: 0 | H104: LIGHT COLOR PROF 2.0 PRETO | I104: ATIVO | J104: NAO | K104: ZVF06910
A105: 32449 | B105: 32449-HIDRA ATIVADOR CONDICIONADOR D-PANTENOL E MIX DE VITAMINAS 300ML | C105: C | D105: INATIVO | E105: 0 | F105: 0 | G105: 0 | H105: LIGHT COLOR PROF 3.0 CASTANHO ESCURO | I105: ATIVO | J105: NAO | K105: ZVF08510
A106: 32197 | B106: 32197-SOS ATIVADOR DE CACHOS ÓLEO DE COCO 1KG .. -xz | C106: C | D106: INATIVO | E106: 0 | F106: 0 | G106: 0 | H106: LIGHT COLOR PROF 4.0 CASTANHO MEDIO | I106: ATIVO | J106: NAO | K106: ZVI07410
A107: 32206 | B107: 32206-SOS ATIVADOR AZEITE DE OLIVA 300ML .. -xz | C107: C | D107: INATIVO | E107: 0 | F107: 0 | G107: 0 | H107: LIGHT COLOR PROF 5.0 CASTANHO CLARO | I107: ATIVO | J107: NAO | K107: ZVH02610
A108: 32240 | B108: 32240-SOS ATIVADOR MANTEIGA DE KARITÉ 300ML .. -xz | C108: C | D108: INATIVO | E108: 0 | F108: 0 | G108: 0 | H108: LIGHT COLOR PROF 6.0 LOURO ESCURO | I108: ATIVO | J108: NAO | K108: ZVF02110
A109: 32241 | B109: 32241-SOS CR PENTEAR MANTEIGA DE KARITÉ 300ML | C109: C | D109: INATIVO | E109: 0 | F109: 0 | G109: 0 | H109: LIGHT COLOR PROF 7.0 LOURO NATURAL | I109: ATIVO | J109: NAO | K109: ZVF03310
A110: 32243 | B110: 32243-GEL FIXADOR FORTE MEN ESSENCE - 300G | C110: C | D110: INATIVO | E110: 0 | F110: 0 | G110: 0 | H110: LIGHT COLOR PROF 6.7 CHOCOLATE | I110: ATIVO | J110: NAO | K110: ZVF04510
A111: 32244 | B111: 32244-GEL FIXADOR EXTRAFORTE MEN ESSENCE - 300G | C111: C | D111: INATIVO | E111: 0 | F111: 0 | G111: 0 | H111: LIGHT COLOR PROF 7.7 MARROM DOURADO | I111: ATIVO | J111: NAO | K111: ZVJ04210
A112: 32191 | B112: 32191-MEU LISO GEL ANTIFRIZZ - 200G | C112: C | D112: INATIVO | E112: 0 | F112: 0 | G112: 0 | H112: LIGHT COLOR PROF 3.66 BORDEAUX PROFUNDO | I112: ATIVO | J112: NAO
A113: 32170 | B113: 32170-HIDRA CREME PARA PENTEAR BABOSA 3 EM 1 - 300ML | C113: C | D113: INATIVO | E113: 0 | F113: 0 | G113: 0 | H113: LIGHT COLOR PROF 4.66 BORGONHA INTENSO | I113: ATIVO | J113: NAO
A114: 32171 | B114: 32171-HIDRA CREME PARA PENTEAR ÓLEO DE COCO 3 EM 1 - 300ML | C114: C | D114: DELISTADO | E114: 0 | F114: 0 | G114: 0 | H114: LIGHT COLOR PROF 4.77 CAFE INTENSO | I114: ATIVO | J114: NAO
A115: 32991 | B115: 32991-KIT MEU LISO KIDS MELANCIA COM SHAMPOO + CONDICIONADOR E SPRAY PERFUMA | C115: C | D115: INATIVO | E115: 0 | F115: 0 | G115: 0 | H115: LIGHT COLOR PROF 66.46 VERMELHO CEREJA | I115: ATIVO | J115: NAO | K115: ZVF06510
A116: 33149 | B116: 33149-KIT DEFINICAO NATURAL CREME PARA PENTEAR + OLEO | C116: C | D116: INATIVO | E116: 0 | F116: 0 | G116: 0 | H116: KIT PERMANENTE AFRO SALON LINE | I116: ATIVO | J116: NAO
A117: 32560 | B117: 32560-SACHE SOS CACHOS ATIVADOR CONDICIONADOR SUPER OLEOS 30ML | C117: C | D117: INATIVO | E117: 0 | F117: 0 | G117: 0 | H117: SHAMPOO CLEASING PRO SL 300ML | I117: INATIVO | J117: NAO
A118: 33268 | B118: 33268-OLEO DE TRATAMENTO PRALINE GLOW 42ML | C118: C | D118: INATIVO | E118: 0 | F118: 0 | G118: 0 | H118: SHAMPOO NEUTRALIZANTE NUTRITION SL 300ML | I118: INATIVO | J118: NAO
A119: 32993 | B119: 32993-KIT MULTY 2 OLEOS TRATAMENTO UVA E CHOCOLATE SALON LINE | C119: C | D119: INATIVO | E119: 0 | F119: 0 | G119: 0 | H119: CONDICIONADOR HIDRATANTE NUTRITION SALON LINE | I119: INATIVO | J119: NAO
A120: 33557 | B120: 33557-#TODECACHO GELATINA SUPER FIXAÇÃO BISNAGA 200G@LANC@LANC | C120: C | D120: LANÇAMENTO | E120: 15528 | F120: 0 | G120: 0 | H120: CONDICIONADOR RECONSTRUTOR NUTRITION SALON LINE | I120: INATIVO | J120: NAO
A121: 33558 | B121: 33558-#TODECACHO GELATINA SUPER DEFINIÇÃO BISNAGA 200G@LANC@LANC | C121: C | D121: LANÇAMENTO | E121: 10242 | F121: 0 | G121: 0 | H121: ATIVADOR DE CACHOS GOLD NUTRITION SALON LINE | I121: INATIVO | J121: NAO
A122: 33584 | B122: 33584-CREME PARA PENTEAR DEFINIÇÃO A PROVA 1KG@LANC@LANC | C122: C | D122: LANÇAMENTO | E122: 32940 | F122: 0 | G122: 0 | H122: QUERATINA LIQUIDA CONDICIONADOR NUTRITION SL 300ML | I122: INATIVO | J122: NAO
A123: 33583 | B123: 33583-CREME PARA PENTEAR DEFINIÇÃO CACHOS DE SEREIA 1KG@LANC@LANC | C123: C | D123: LANÇAMENTO | E123: 14568 | F123: 0 | G123: 0 | H123: RECONSTRUTOR CONDICIONANTE NUTRITION SALON LINE 300 ML | I123: INATIVO | J123: NAO
A124: 33580 | B124: 33580-SOS CACHOS ÓLEO KIDS HIDRATAÇÃO 42ML@LANC@LANC | C124: C | D124: LANÇAMENTO | E124: 29640 | F124: 0 | G124: 0 | H124: MASCARA CONDICIONANTE HIDRAT PROFUNDA NUTRITION SALON LINE | I124: INATIVO | J124: NAO
A125: 33588 | B125: 33588-SALON LINE MÁSCARA DE TRATAMENTO DEFINIÇÃO CACHOS OSTENTAÇÃO 300G@LANC@LANC | C125: C | D125: LANÇAMENTO | E125: 7278 | F125: 0 | G125: 0 | H125: MASCARA CONDICIONANTE HIDRAT CHOL AVOCADO OIL SALON LINE | I125: INATIVO | J125: NAO
A126: 33587 | B126: 33587-SALON LINE MÁSCARA DE TRATAMENTO DEFINIÇÃO NATURAL 300G@LANC@LANC | C126: C | D126: LANÇAMENTO | E126: 4320 | F126: 0 | G126: 0 | H126: POMADA KERATIN HAIR FOOD NUTRITION SL 380GR | I126: INATIVO | J126: NAO
A127: 33589 | B127: 33589-SALON LINE MOUSSE DEFINIDOR DEFINIÇÃO NATURAL 240ML@LANC@LANC | C127: C | D127: LANÇAMENTO | E127: 486 | F127: 0 | G127: 0 | H127: PROFESSIONAL KERATIN HAIR FOOD CONDICIONANTE 195GR | I127: ATIVO | J127: NAO | K127: ZVH08610
A128: 33596 | B128: 33596-CACHOS DOS SONHOS ÓLEO DE TRATAMENTO MULTY NUTRITIVO CEREJA 50ML@LANC@LANC | C128: C | D128: LANÇAMENTO | E128: 49488 | F128: 0 | G128: 0 | H128: PROFESSIONAL POMADA HAIR PRESSING AVOCADO 130GR | I128: INATIVO | J128: NAO
A129: 33592 | B129: 33592-MEU LISO TOP COAT ÓLEO PRIMER SELAGEM MÁXIMA 120ML@LANC@LANC | C129: C | D129: LANÇAMENTO | E129: 660 | F129: 0 | G129: 0 | H129: MASCARA CONDICIONANTE HIDRAT CHOL AVOCADO OIL NUTRITION SL 230G | I129: INATIVO | J129: NAO
A130: 33593 | B130: 33593-MEU LISO TOP COAT LEAVE-IN PRIMER SELAGEM MÁXIMA 240ML@LANC@LANC | C130: C | D130: LANÇAMENTO | E130: 11604 | F130: 0 | G130: 0 | H130: CREME DE PENTEAR CONDICIONADOR NUTRITION SALON LINE | I130: INATIVO | J130: NAO
A131: 33594 | B131: 33594-MEU LISO TOP COAT SHAMPOO SELAGEM MÁXIMA 300ML@LANC@LANC | C131: C | D131: LANÇAMENTO | E131: 11910 | F131: 0 | G131: 0 | H131: SABAO EM PO | I131: ATIVO | J131: NAO
A132: 33595 | B132: 33595-MEU LISO TOP COAT MÁSCARA SELAGEM MÁXIMA 300G@LANC@LANC | C132: C | D132: LANÇAMENTO | E132: 7422 | F132: 0 | G132: 0 | H132: SABAO EM PO | I132: ATIVO | J132: NAO
A133: 33642 | B133: 33642-CREME PARA PENTEAR DEFINIÇÃO CACHOS OSTENTAÇÃO 300ML@LANC@LANC | C133: C | D133: LANÇAMENTO | E133: -1878 | F133: 0 | G133: 0 | H133: MAQUINA APARAR/ACABAMENTO SHAVER ANDIS TS-1-BIVO | I133: ATIVO | J133: NAO
A134: 33643 | B134: 33643-CREME PARA PENTEAR DEFINIÇÃO EXTRAORDINÁRIA 300ML@LANC@LANC | C134: C | D134: LANÇAMENTO | E134: 2568 | F134: 0 | G134: 0 | H134: MB-BA003 - LIXEIRA INOX 3L - TRAVEL | I134: ATIVO | J134: NAO
A135: 33626 | B135: 33626-SALON LINE ÓLEO DEFINIÇÃO CACHOS OSTENTAÇÃO 120ML@LANC@LANC | C135: C | D135: LANÇAMENTO | E135: 8280 | F135: 0 | G135: 0 | H135: MB-BA005 - LIXEIRA INOX L 5L - TRAVEL | I135: ATIVO | J135: NAO
A136: 33629 | B136: 33629-SALON LINE KIT DEFINIÇÃO CACHOS OSTENTAÇÃO SH 300ML + CR MULTIFUNCIONAL 300ML@LANC@LANC | C136: C | D136: LANÇAMENTO | E136: 156 | F136: 0 | G136: 0 | H136: LIXEIRA REDONDA INOX 12 LITROS - TRAVEL MAX | I136: ATIVO | J136: NAO
A137: 33630 | B137: 33630-SALON LINE ÓLEO DEFINIÇÃO NATURAL 120ML@LANC@LANC | C137: C | D137: LANÇAMENTO | E137: 3258 | F137: 0 | G137: 0 | H137: SOS SHAMPOO KIDS NUTRICAO SUPER OLEOS 300ML | I137: ATIVO | J137: NAO | K137: ZVD06910
A138: 33635 | B138: 33635-XEROSA GLAMOUR CHIC KIT SHAMPOO 300ML + CONDICIONADOR 200ML @LANC@LANC | C138: C | D138: LANÇAMENTO | E138: 2256 | F138: 0 | G138: 0 | H138: SOS CONDICIONADOR KIDS NUTRICAO SUPER OLEOS 300ML | I138: ATIVO | J138: NAO | K138: ZVG03410
A139: 33631 | B139: 33631-CREME PARA PENTEAR DEFINIÇÃO COLA 1KG@LANC@LANC | C139: C | D139: LANÇAMENTO | E139: 11460 | F139: 0 | G139: 0 | H139: SOS ATIVADOR CONDICIONADOR KIDS NUTRICAO SUPER OLEOS 300ML | I139: ATIVO | J139: NAO | K139: ZVF07810
A140: 33644 | B140: 33644-ÓLEO DEFINIÇÃO NATURAL 50 ML@LANC@LANC | C140: C | D140: LANÇAMENTO | E140: 4584 | F140: 0 | G140: 0 | H140: SOS CREMASCARA CONDICIONANTE KIDS DEFINICAO 300GR | I140: ATIVO | J140: NAO
A141: 33645 | B141: 33645-CACHOS DOS SONHOS ÓLEO TRATAMENTO MULTY ARGAN 50ML @LANC@LANC | C141: C | D141: LANÇAMENTO | E141: 19056 | F141: 0 | G141: 0 | H141: MEU LISO SPRAY CONDICIONADOR KIDS DESEMBARACANTE 240ML | I141: ATIVO | J141: NAO | K141: ZVI01410
A142: 33579 | B142: 33579-SOS CACHOS BODY SPLASH ABACAXI 200ML@LANC@LANC | C142: C | D142: LANÇAMENTO | E142: 43680 | F142: 0 | G142: 0 | H142: KIT COLOR EXPRESS FUN BLUE ROCK + VIOLET FANTASY SALON LINE | I142: ATIVO | J142: NAO
A143: 33597 | B143: 33597-XEROSA BODY SPLASH DESODORANTE PODER DAS DIVAS 200ML@LANC@LANC | C143: C | D143: LANÇAMENTO | E143: 636 | F143: 0 | G143: 0 | H143: KIT HIDRA RESTAURA E DEFINE CACHOS E CRESPOS SALON LINE | I143: ATIVO | J143: NAO
A144: 33598 | B144: 33598-XEROSA BODY SPLASH DESODORANTE VERÃO ÁRABE 200ML@LANC@LANC | C144: C | D144: LANÇAMENTO | E144: 17172 | F144: 0 | G144: 0 | H144: KIT NUTRICAO E DEFINICAO PARA CACHOS E CRESPOS SALON LINE | I144: ATIVO | J144: NAO
A145: 33599 | B145: 33599-XEROSA BODY SPLASH DESODORANTE VIVA LA VIDA 200ML@LANC@LANC | C145: C | D145: LANÇAMENTO | E145: 37464 | F145: 0 | G145: 0 | H145: #TODECACHO GELATINA CONDICIONADOR LINHACA 550GR | I145: ATIVO | J145: NAO | K145: ZVE09410
A146: 33600 | B146: 33600-XEROSA BODY SPLASH DESODORANTE BELEZA FATAL 200ML@LANC@LANC | C146: C | D146: LANÇAMENTO | E146: 54096 | F146: 0 | G146: 0 | H146: #TODECACHO GELATINA CONDICIONADOR BABOSA 550GR | I146: ATIVO | J146: NAO | K146: ZVE00210
A147: 33601 | B147: 33601-XEROSA BODY SPLASH DESODORANTE MISS RADIANTE 200ML@LANC@LANC | C147: C | D147: LANÇAMENTO | E147: -5218 | F147: 0 | G147: 0 | H147: #TODECACHO GELATINA CONDICIONADOR RICINO 550GR | I147: ATIVO | J147: NAO | K147: ZVB05710
A148: 33602 | B148: 33602-XEROSA BODY SPLASH DESODORANTE PODER PINK 200ML@LANC@LANC | C148: C | D148: LANÇAMENTO | E148: 11076 | F148: 0 | G148: 0 | H148: #TODECACHO MASCARA MAIONESE OLIVA 500G | I148: ATIVO | J148: NAO
A149: 34987 | B149: 34987-SOS MASC CAFÉ E GLICERINA 1KG NV3.. -xz | C149: C | D149: INATIVO | E149: 0 | F149: 0 | G149: 0 | H149: MEU LISO SHAMPOO DETOX 300ML | I149: ATIVO | J149: NAO
A150: 43118 | B150: 43118-SOS COND 10 EM 1 MULTIBENEFÍCIOS +PODEROSOS 300ML.. -xz | C150: C | D150: INATIVO | E150: 0 | F150: 0 | G150: 0 | H150: MEU LISO CONDICIONADOR DETOX 300ML | I150: ATIVO | J150: NAO
A151: 43122 | B151: 43122-SOS MASC 10 EM 1 MULTIBENEFÍCIOS +PODEROSOS 500GR.. -xz | C151: C | D151: INATIVO | E151: 0 | F151: 0 | G151: 0 | H151: COLOR EXPRESS KIT FUN ORANGE PINK | I151: ATIVO | J151: NAO
A152: 95278 | B152: 95278-SOS ATIVADOR ÓLEO DE COCO 500ML.. -xz | C152: C | D152: DELISTADO | E152: 0 | F152: 0 | G152: 0 | H152: COLOR EXPRESS KIT FUN GREEN MISTICO | I152: ATIVO | J152: NAO | K152: ZVJ04110
A153: 7022 | B153: 07022-MEU LISO DEFRIZANTE PROTEÇÃO TOTAL 200ML | C153: C | D153: INATIVO | E153: 0 | F153: 0 | G153: 0 | H153: COLOR EXPRESS KIT FUN LAVANDA SECRETS | I153: ATIVO | J153: NAO
A154: 32134 | B154: 32134-MEU LISO DEFRIZANTE CONDICIONADOR PROT TERMICO ANTIFRIZZ 200ML | C154: C | D154: INATIVO | E154: 0 | F154: 0 | G154: 0 | H154: #TODECACHO MASCARA MAIONESE AMIDO DE MILHO 500G | I154: ATIVO | J154: NAO
A155: 32040 | B155: 32040-BOMBA SH FORÇA E ENGROSSAMENTO 300ML .. -xz | C155: C | D155: INATIVO | E155: 0 | F155: 0 | G155: 0 | H155: #TODECACHO OLEO UMEC BABOSA 120GR | I155: ATIVO | J155: NAO
A156: 31785 | B156: 31785-S.O.S CACHOS RECARGA DE QUERATINA ATIVADOR DE CACHOS , 300ML .. -xz | C156: C | D156: INATIVO | E156: 0 | F156: 0 | G156: 0 | H156: HIDRA KIT SH+CONDICIONADOR BABOSA 200ML | I156: ATIVO | J156: NAO
A157: 32676 | B157: 32676-SL CR PENTEAR KIDS CACHINHOS DEFINIDOS MELANCIA 500GR | C157: C | D157: DELISTADO | E157: 0 | F157: 0 | G157: 0 | H157: HIDRA KIT SH+CONDICIONADOR ORIGINAL 200ML | I157: ATIVO | J157: NAO
A158: 31692 | B158: 31692-#TODECACHO GELATINA ESTILIZ FIXACAO FORTE 280G | C158: C | D158: INATIVO | E158: 0 | F158: 0 | G158: 0 | H158: HIDRA KIT SH+CONDICIONADOR COCO 200ML | I158: ATIVO | J158: NAO
A159: 31691 | B159: 31691-#TODECACHO GELATINA ESTILIZ FIXACAO EXTRAFORT 280G | C159: C | D159: INATIVO | E159: 0 | F159: 0 | G159: 0 | H159: KIT SHAMPOO+COND STEFFANY BORGES E LUCAS - CABELO CACHEADO | I159: ATIVO | J159: NAO
A160: 32678 | B160: 32678-SL CR PENTEAR DEFINICAO NUTRITIVA 500GR | C160: C | D160: DELISTADO | E160: 0 | F160: 0 | G160: 0 | H160: HIDRA SOS HIDRATACAO MASCARA CONDICIONANTE BABOSA 1KG | I160: ATIVO | J160: NAO
A161: 32766 | B161: 32766-BOMBA KIT SHAMPOO 300ML + CONDICIONADOR 200ML ANTIQUEDA E RESISTENCIA | C161: C | D161: DELISTADO | E161: 0 | F161: 0 | G161: 0 | H161: MEU LISO MASCARA CONDICIONANTE MATIZ CASTANHO 300G | I161: ATIVO | J161: NAO | K161: ZVH00910
A162: 32677 | B162: 32677-SL CR PENTEAR DEFINICAO INTENSA 500GR | C162: C | D162: DELISTADO | E162: 0 | F162: 0 | G162: 0 | H162: MEU LISO MASCARA CONDICIONANTE MATIZ PRETO 300G | I162: ATIVO | J162: NAO | K162: ZVH01410
A163: 7034 | B163: 07034-KIT S.O.S BOMBA SH+COND ORIGINAL ANTIQUEDA 200ML.. -xz | C163: C | D163: DELISTADO | E163: 0 | F163: 0 | G163: 0 | H163: SOS SH ABACATE 300ML | I163: ATIVO | J163: NAO
A164: 32235 | B164: 32235-#TODECACHO GELATINA ÓLEO DE ARGAN 550G | C164: C | D164: INATIVO | E164: 0 | F164: 0 | G164: 0 | H164: SOS CONDICIONADOR ABACATE 300ML | I164: ATIVO | J164: NAO
A165: 32745 | B165: 32745-MEU LISO KIT SHAMPOO 300ML + CONDICIONADOR 200ML MATIZ LOIRO | C165: C | D165: ATIVO | E165: 2172 | F165: 0 | G165: 0 | H165: SOS GEL ATIVADOR ABACATE 320ML | I165: ATIVO | J165: NAO
A166: 32621 | B166: 32621-CACHOS DOS SONHOS CREME DE TRATAMENTO CONDICIONANTE BANANA MULTY MARAVILHAS 1KG | C166: C | D166: DELISTADO | E166: 0 | F166: 0 | G166: 0 | H166: SOS MASCARA CONDICIONANTE ABACATE 500G | I166: ATIVO | J166: NAO
...

Sheet EST_DEVINTEX X DEMANDA
A1: SKU | B1: Descrição | C1: Curva | D1: Situação | E1: G05 | F1: Projeção de Estoque
A2: 7022 | B2: PA | C2: 01 | D2: 383 | E2: 0 | F2: 0
A3: 7023 | B3: PA | C3: 01 | D3: 503 | E3: 48 | F3: 0
A4: 7031 | B4: PA | C4: 01 | D4: 20045 | E4: 14178 | F4: 0
A5: 7034 | B5: PA | C5: 01 | D5: 11 | E5: 0 | F5: 0
A6: 7035 | B6: PA | C6: 01 | D6: 277 | E6: 0 | F6: 0
A7: 7036 | B7: PA | C7: 01 | D7: 792 | E7: 0 | F7: 0
A8: 7077 | B8: PA | C8: 01 | D8: 0 | E8: 0 | F8: 0
A9: 7080 | B9: PA | C9: 01 | D9: 0 | E9: 0 | F9: 0
A10: 8254 | B10: PA | C10: 01 | D10: 29344 | E10: 25566 | F10: 0
A11: 8255 | B11: PA | C11: 01 | D11: 28378 | E11: 25962 | F11: 0
A12: 8256 | B12: PA | C12: 01 | D12: 27380 | E12: 25770 | F12: 0
A13: 8257 | B13: PA | C13: 01 | D13: 3638 | E13: 0 | F13: 0
... A500: 95999 | B500: PA | C500: 01 | D500: 204 | E500: 0 | F500: 91614

Sheet EST_LMX
A1: Cod. Prod. | B1: Produto | C1: Livre
A2: 95003 | B2: AFRO CREME RELAXAMENTO PERMANENTE AFRO 500GR (95003) | C2: 654
A3: 34758 | B3: AFRO LOCAO ONDULADORA PERMANENTE AFRO 500ML (34758) | C3: 636
A4: 7031 | B4: BOMBA ATIVADOR CONDICIONADOR ORIGINAL CRESCIMENTO (07031) | C4: 3354
A5: 43125 | B5: BOMBA CONDICIONADOR ANTIQUEDA E RESISTENCIA 300ML (43125) | C5: 1686
A6: 32041 | B6: BOMBA CONDICIONADOR FORCA E ENGROSSAMENTO 300ML (32041) | C6: 1626
A7: 95085 | B7: BOMBA CONDICIONADOR ORIGINAL CRESCIMENTO 300ML (95085) | C7: 1554
A8: 34871 | B8: BOMBA CONDICIONADOR ORIGINAL CRESCIMENTO 500ML (34871) | C8: 3756
A9: 95161 | B9: BOMBA CREME PENTEAR CONDICIONADOR ORIGINAL CRESCIM (95161) | C9: 348
A10: 95166 | B10: BOMBA CREME PENTEAR CONDICIONADOR ORIGINAL CRESCIM (95166) | C10: 198
A11: 32763 | B11: BOMBA KIT SHAMPOO 300ML + CONDICIONADOR 200ML FORC (32763) | C11: 6
A12: 32769 | B12: BOMBA KIT SHAMPOO 300ML + CONDICIONADOR 200ML ORIG (32769) | C12: 60
A13: 7034 | B13: BOMBA KIT SHAMPOO+CONDICIONADOR ANTIQUEDA E RESIST (07034) | C13: 12
... A379: 33250 | B379: XEROSA OLEO SERUM CONDICIONADOR GLAMOUR CHIC 200ML 33250 | C379: 696
